theta_off,B_E_on,source,induction_status,induction_destination,control_status,control_destination,release_0p35_status,release_0p35_destination,release_0p17_status,release_0p17_destination,release_0p0_status,release_0p0_destination
8.0,0.35,active,compatible,active,unrun,unresolved,unrun,unresolved,unrun,unresolved,unrun,unresolved
8.0,0.35,rest,compatible,rest,unrun,unresolved,unrun,unresolved,unrun,unresolved,unrun,unresolved
8.0,0.38125,active,compatible,active,unrun,unresolved,unrun,unresolved,unrun,unresolved,unrun,unresolved
8.0,0.38125,rest,compatible,rest,unrun,unresolved,unrun,unresolved,unrun,unresolved,unrun,unresolved
8.0,0.4125,active,compatible,active,unrun,unresolved,unrun,unresolved,unrun,unresolved,unrun,unresolved
8.0,0.4125,rest,compatible,rest,unrun,unresolved,unrun,unresolved,unrun,unresolved,unrun,unresolved
8.0,0.41640625,active,compatible,rest,unrun,unresolved,unrun,unresolved,unrun,unresolved,unrun,unresolved
8.0,0.41640625,rest,compatible,rest,unrun,unresolved,unrun,unresolved,unrun,unresolved,unrun,unresolved
8.0,0.4203125,active,compatible,rest,unrun,unresolved,unrun,unresolved,unrun,unresolved,unrun,unresolved
8.0,0.4203125,rest,compatible,rest,unrun,unresolved,unrun,unresolved,unrun,unresolved,unrun,unresolved
8.0,0.42421875,active,compatible,rest,unrun,unresolved,unrun,unresolved,unrun,unresolved,unrun,unresolved
8.0,0.42421875,rest,compatible,rest,unrun,unresolved,unrun,unresolved,unrun,unresolved,unrun,unresolved
8.0,0.428125,active,compatible,rest,unrun,unresolved,unrun,unresolved,unrun,unresolved,unrun,unresolved
8.0,0.428125,rest,compatible,rest,unrun,unresolved,unrun,unresolved,unrun,unresolved,unrun,unresolved
8.0,0.4359375,active,compatible,rest,unrun,unresolved,unrun,unresolved,unrun,unresolved,unrun,unresolved
8.0,0.4359375,rest,compatible,rest,unrun,unresolved,unrun,unresolved,unrun,unresolved,unrun,unresolved
8.0,0.44375,active,compatible,rest,unrun,unresolved,unrun,unresolved,unrun,unresolved,unrun,unresolved
8.0,0.44375,rest,compatible,rest,unrun,unresolved,unrun,unresolved,unrun,unresolved,unrun,unresolved
8.0,0.459375,active,compatible,rest,unrun,unresolved,unrun,unresolved,unrun,unresolved,unrun,unresolved
8.0,0.459375,rest,compatible,rest,unrun,unresolved,unrun,unresolved,unrun,unresolved,unrun,unresolved
8.0,0.475,active,compatible,rest,unrun,unresolved,unrun,unresolved,unrun,unresolved,unrun,unresolved
8.0,0.475,rest,compatible,rest,unrun,unresolved,unrun,unresolved,unrun,unresolved,unrun,unresolved
8.0,0.5375,active,compatible,rest,unrun,unresolved,unrun,unresolved,unrun,unresolved,unrun,unresolved
8.0,0.5375,rest,compatible,rest,unrun,unresolved,unrun,unresolved,unrun,unresolved,unrun,unresolved
8.0,0.6,active,compatible,rest,unrun,unresolved,unrun,unresolved,unrun,unresolved,unrun,unresolved
8.0,0.6,rest,compatible,rest,unrun,unresolved,unrun,unresolved,unrun,unresolved,unrun,unresolved
8.0,0.725,active,compatible,rest,unrun,unresolved,unrun,unresolved,unrun,unresolved,unrun,unresolved
8.0,0.725,rest,compatible,rest,unrun,unresolved,unrun,unresolved,unrun,unresolved,unrun,unresolved
8.0,0.85,active,compatible,rest,unrun,unresolved,unrun,unresolved,unrun,unresolved,unrun,unresolved
8.0,0.85,rest,compatible,rest,unrun,unresolved,unrun,unresolved,unrun,unresolved,unrun,unresolved
8.0,0.975,active,compatible,rest,unrun,unresolved,unrun,unresolved,unrun,unresolved,unrun,unresolved
8.0,0.975,rest,compatible,rest,unrun,unresolved,unrun,unresolved,unrun,unresolved,unrun,unresolved
8.0,1.1,active,compatible,rest,unrun,unresolved,unrun,unresolved,unrun,unresolved,unrun,unresolved
8.0,1.1,rest,compatible,rest,unrun,unresolved,unrun,unresolved,unrun,unresolved,unrun,unresolved
8.0,1.1625,active,compatible,rest,unrun,unresolved,unrun,unresolved,unrun,unresolved,unrun,unresolved
8.0,1.1625,rest,compatible,rest,unrun,unresolved,unrun,unresolved,unrun,unresolved,unrun,unresolved
8.0,1.225,active,compatible,rest,unrun,unresolved,unrun,unresolved,unrun,unresolved,unrun,unresolved
8.0,1.225,rest,compatible,rest,unrun,unresolved,unrun,unresolved,unrun,unresolved,unrun,unresolved
8.0,1.22890625,active,compatible,rest,unrun,unresolved,unrun,unresolved,unrun,unresolved,unrun,unresolved
8.0,1.22890625,rest,compatible,rest,unrun,unresolved,unrun,unresolved,unrun,unresolved,unrun,unresolved
8.0,1.2328125,active,compatible,herald,compatible,herald,compatible,herald,compatible,active,compatible,active
8.0,1.2328125,rest,compatible,herald,compatible,herald,compatible,herald,compatible,active,compatible,active
8.0,1.23671875,active,compatible,herald,compatible,herald,compatible,herald,compatible,active,compatible,active
8.0,1.23671875,rest,compatible,herald,compatible,herald,compatible,herald,compatible,active,compatible,active
8.0,1.240625,active,compatible,herald,compatible,herald,compatible,herald,compatible,active,compatible,active
8.0,1.240625,rest,compatible,herald,compatible,herald,compatible,herald,compatible,active,compatible,active
8.0,1.2484375,active,compatible,herald,compatible,herald,compatible,herald,compatible,active,compatible,active
8.0,1.2484375,rest,compatible,herald,compatible,herald,compatible,herald,compatible,active,compatible,active
8.0,1.25625,active,compatible,herald,compatible,herald,compatible,herald,compatible,active,compatible,active
8.0,1.25625,rest,compatible,herald,compatible,herald,compatible,herald,compatible,active,compatible,active
8.0,1.271875,active,compatible,herald,compatible,herald,compatible,herald,compatible,active,compatible,active
8.0,1.271875,rest,compatible,herald,compatible,herald,compatible,herald,compatible,active,compatible,active
8.0,1.2875,active,compatible,herald,compatible,herald,compatible,herald,compatible,active,compatible,active
8.0,1.2875,rest,compatible,herald,compatible,herald,compatible,herald,compatible,active,compatible,active
8.0,1.31875,active,compatible,herald,compatible,herald,compatible,herald,compatible,active,compatible,active
8.0,1.31875,rest,compatible,herald,compatible,herald,compatible,herald,compatible,active,compatible,active
8.0,1.35,active,compatible,herald,compatible,herald,compatible,herald,compatible,active,compatible,active
8.0,1.35,rest,compatible,herald,compatible,herald,compatible,herald,compatible,active,compatible,active
8.0,1.475,active,compatible,herald,compatible,herald,compatible,herald,compatible,active,compatible,active
8.0,1.475,rest,compatible,herald,compatible,herald,compatible,herald,compatible,active,compatible,active
8.0,1.6,active,compatible,herald,compatible,herald,compatible,herald,compatible,active,compatible,active
8.0,1.6,rest,compatible,herald,compatible,herald,compatible,herald,compatible,active,compatible,active
8.0,1.725,active,compatible,herald,compatible,herald,compatible,herald,compatible,active,compatible,active
8.0,1.725,rest,compatible,herald,compatible,herald,compatible,herald,compatible,active,compatible,active
8.0,1.85,active,compatible,herald,compatible,herald,compatible,herald,compatible,active,compatible,active
8.0,1.85,rest,compatible,herald,compatible,herald,compatible,herald,compatible,active,compatible,active
8.0,1.975,active,compatible,herald,compatible,herald,compatible,herald,compatible,active,compatible,active
8.0,1.975,rest,compatible,herald,compatible,herald,compatible,herald,compatible,active,compatible,active
8.0,2.1,active,compatible,herald,compatible,herald,compatible,herald,compatible,active,compatible,active
8.0,2.1,rest,compatible,herald,compatible,herald,compatible,herald,compatible,active,compatible,active
8.0,2.225,active,compatible,herald,compatible,herald,compatible,herald,compatible,active,compatible,active
8.0,2.225,rest,compatible,herald,compatible,herald,compatible,herald,compatible,active,compatible,active
8.0,2.35,active,compatible,herald,compatible,herald,compatible,herald,compatible,active,compatible,active
8.0,2.35,rest,compatible,herald,compatible,herald,compatible,herald,compatible,active,compatible,active
8.0,2.475,active,compatible,herald,compatible,herald,compatible,herald,compatible,active,compatible,active
8.0,2.475,rest,compatible,herald,compatible,herald,compatible,herald,compatible,active,compatible,active
8.0,2.6,active,compatible,herald,compatible,herald,compatible,herald,compatible,active,compatible,active
8.0,2.6,rest,compatible,herald,compatible,herald,compatible,herald,compatible,active,compatible,active
8.0,2.725,active,compatible,herald,compatible,herald,compatible,herald,compatible,active,compatible,active
8.0,2.725,rest,compatible,herald,compatible,herald,compatible,herald,compatible,active,compatible,active
8.0,2.85,active,compatible,herald,compatible,herald,compatible,herald,compatible,active,compatible,active
8.0,2.85,rest,compatible,herald,compatible,herald,compatible,herald,compatible,active,compatible,active
8.0,2.975,active,compatible,herald,compatible,herald,compatible,herald,compatible,active,compatible,active
8.0,2.975,rest,compatible,herald,compatible,herald,compatible,herald,compatible,active,compatible,active
8.0,3.1,active,compatible,herald,compatible,herald,compatible,herald,compatible,active,compatible,active
8.0,3.1,rest,compatible,herald,compatible,herald,compatible,herald,compatible,active,compatible,active
8.0,3.225,active,compatible,herald,compatible,herald,compatible,herald,compatible,active,compatible,active
8.0,3.225,rest,compatible,herald,compatible,herald,compatible,herald,compatible,active,compatible,active
8.0,3.35,active,compatible,herald,compatible,herald,compatible,herald,compatible,active,compatible,active
8.0,3.35,rest,compatible,herald,compatible,herald,compatible,herald,compatible,active,compatible,active
8.0,3.475,active,compatible,herald,compatible,herald,compatible,herald,compatible,active,compatible,active
8.0,3.475,rest,compatible,herald,compatible,herald,compatible,herald,compatible,active,compatible,active
8.0,3.6,active,compatible,herald,compatible,herald,compatible,herald,compatible,active,compatible,active
8.0,3.6,rest,compatible,herald,compatible,herald,compatible,herald,compatible,active,compatible,active
8.0,3.725,active,compatible,herald,compatible,herald,compatible,herald,compatible,active,compatible,active
8.0,3.725,rest,compatible,herald,compatible,herald,compatible,herald,compatible,active,compatible,active
8.0,3.85,active,compatible,herald,compatible,herald,compatible,herald,compatible,active,compatible,active
8.0,3.85,rest,compatible,herald,compatible,herald,compatible,herald,compatible,active,compatible,active
8.0,3.975,active,compatible,herald,compatible,herald,compatible,herald,compatible,active,compatible,active
8.0,3.975,rest,compatible,herald,compatible,herald,compatible,herald,compatible,active,compatible,active
8.0,4.1,active,compatible,herald,compatible,herald,compatible,herald,compatible,active,compatible,active
8.0,4.1,rest,compatible,herald,compatible,herald,compatible,herald,compatible,active,compatible,active
8.0,4.225,active,compatible,herald,compatible,herald,compatible,herald,compatible,active,compatible,active
8.0,4.225,rest,compatible,herald,compatible,herald,compatible,herald,compatible,active,compatible,active
8.0,4.35,active,compatible,herald,compatible,herald,compatible,herald,compatible,active,compatible,active
8.0,4.35,rest,compatible,herald,compatible,herald,compatible,herald,compatible,active,compatible,active
8.0,4.475,active,compatible,herald,compatible,herald,compatible,herald,compatible,active,compatible,active
8.0,4.475,rest,compatible,herald,compatible,herald,compatible,herald,compatible,active,compatible,active
8.0,4.6,active,compatible,herald,compatible,herald,compatible,herald,compatible,active,compatible,active
8.0,4.6,rest,compatible,herald,compatible,herald,compatible,herald,compatible,active,compatible,active
8.0,4.725,active,compatible,herald,compatible,herald,compatible,herald,compatible,active,compatible,active
8.0,4.725,rest,compatible,herald,compatible,herald,compatible,herald,compatible,active,compatible,active
8.0,4.85,active,compatible,herald,compatible,herald,compatible,herald,compatible,active,compatible,active
8.0,4.85,rest,compatible,herald,compatible,herald,compatible,herald,compatible,active,compatible,active
8.0,4.975,active,compatible,herald,compatible,herald,compatible,herald,compatible,active,compatible,active
8.0,4.975,rest,compatible,herald,compatible,herald,compatible,herald,compatible,active,compatible,active
8.0,5.1,active,compatible,herald,compatible,herald,compatible,herald,compatible,active,compatible,active
8.0,5.1,rest,compatible,herald,compatible,herald,compatible,herald,compatible,active,compatible,active
8.0,5.225,active,compatible,herald,compatible,herald,compatible,herald,compatible,active,compatible,active
8.0,5.225,rest,compatible,herald,compatible,herald,compatible,herald,compatible,active,compatible,active
8.0,5.35,active,compatible,herald,compatible,herald,compatible,herald,compatible,active,compatible,active
8.0,5.35,rest,compatible,herald,compatible,herald,compatible,herald,compatible,active,compatible,active
8.0,5.475,active,compatible,herald,compatible,herald,compatible,herald,compatible,active,compatible,active
8.0,5.475,rest,compatible,herald,compatible,herald,compatible,herald,compatible,active,compatible,active
8.0,5.6,active,compatible,herald,compatible,herald,compatible,herald,compatible,active,compatible,active
8.0,5.6,rest,compatible,herald,compatible,herald,compatible,herald,compatible,active,compatible,active
8.0,5.725,active,compatible,herald,compatible,herald,compatible,herald,compatible,active,compatible,active
8.0,5.725,rest,compatible,herald,compatible,herald,compatible,herald,compatible,active,compatible,active
8.0,5.85,active,compatible,herald,compatible,herald,compatible,herald,compatible,active,compatible,active
8.0,5.85,rest,compatible,herald,compatible,herald,compatible,herald,compatible,active,compatible,active
8.0,5.975,active,compatible,herald,compatible,herald,compatible,herald,compatible,active,compatible,active
8.0,5.975,rest,compatible,herald,compatible,herald,compatible,herald,compatible,active,compatible,active
8.0,6.1,active,compatible,herald,compatible,herald,compatible,herald,compatible,active,compatible,active
8.0,6.1,rest,compatible,herald,compatible,herald,compatible,herald,compatible,active,compatible,active
8.0,6.225,active,compatible,herald,compatible,herald,compatible,herald,compatible,active,compatible,active
8.0,6.225,rest,compatible,herald,compatible,herald,compatible,herald,compatible,active,compatible,active
8.0,6.35,active,compatible,herald,compatible,herald,compatible,herald,compatible,active,compatible,active
8.0,6.35,rest,compatible,herald,compatible,herald,compatible,herald,compatible,active,compatible,active
8.0,6.475,active,compatible,herald,compatible,herald,compatible,herald,compatible,active,compatible,active
8.0,6.475,rest,compatible,herald,compatible,herald,compatible,herald,compatible,active,compatible,active
8.0,6.6,active,compatible,herald,compatible,herald,compatible,herald,compatible,active,compatible,active
8.0,6.6,rest,compatible,herald,compatible,herald,compatible,herald,compatible,active,compatible,active
8.0,6.725,active,compatible,herald,compatible,herald,compatible,herald,compatible,active,compatible,active
8.0,6.725,rest,compatible,herald,compatible,herald,compatible,herald,compatible,active,compatible,active
8.0,6.85,active,compatible,herald,compatible,herald,compatible,herald,compatible,active,compatible,active
8.0,6.85,rest,compatible,herald,compatible,herald,compatible,herald,compatible,active,compatible,active
8.0,6.975,active,compatible,herald,compatible,herald,compatible,herald,compatible,active,compatible,active
8.0,6.975,rest,compatible,herald,compatible,herald,compatible,herald,compatible,active,compatible,active
8.0,7.1,active,compatible,herald,compatible,herald,compatible,herald,compatible,active,compatible,active
8.0,7.1,rest,compatible,herald,compatible,herald,compatible,herald,compatible,active,compatible,active
8.0,7.225,active,compatible,herald,compatible,herald,compatible,herald,compatible,active,compatible,active
8.0,7.225,rest,compatible,herald,compatible,herald,compatible,herald,compatible,active,compatible,active
8.0,7.35,active,compatible,herald,compatible,herald,compatible,herald,compatible,active,compatible,active
8.0,7.35,rest,compatible,herald,compatible,herald,compatible,herald,compatible,active,compatible,active
8.0,7.475,active,compatible,herald,compatible,herald,compatible,herald,compatible,active,compatible,active
8.0,7.475,rest,compatible,herald,compatible,herald,compatible,herald,compatible,active,compatible,active
8.0,7.6,active,compatible,herald,compatible,herald,compatible,herald,compatible,active,compatible,active
8.0,7.6,rest,compatible,herald,compatible,herald,compatible,herald,compatible,active,compatible,active
8.0,7.725,active,compatible,herald,compatible,herald,compatible,herald,compatible,active,compatible,active
8.0,7.725,rest,compatible,herald,compatible,herald,compatible,herald,compatible,active,compatible,active
8.0,7.85,active,compatible,herald,compatible,herald,compatible,herald,compatible,active,compatible,active
8.0,7.85,rest,compatible,herald,compatible,herald,compatible,herald,compatible,active,compatible,active
8.0,7.925,active,compatible,herald,compatible,herald,compatible,herald,compatible,active,compatible,active
8.0,7.925,rest,compatible,herald,compatible,herald,compatible,herald,compatible,active,compatible,active
8.0,8.0,active,compatible,herald,compatible,herald,compatible,herald,compatible,active,compatible,active
8.0,8.0,rest,compatible,herald,compatible,herald,compatible,herald,compatible,active,compatible,active
8.0,8.125,active,compatible,herald,compatible,herald,compatible,herald,compatible,active,compatible,active
8.0,8.125,rest,compatible,herald,compatible,herald,compatible,herald,compatible,active,compatible,active
8.0,8.25,active,compatible,herald,compatible,herald,compatible,herald,compatible,active,compatible,active
8.0,8.25,rest,compatible,herald,compatible,herald,compatible,herald,compatible,active,compatible,active
8.0,8.375,active,compatible,herald,compatible,herald,compatible,herald,compatible,active,compatible,active
8.0,8.375,rest,compatible,herald,compatible,herald,compatible,herald,compatible,active,compatible,active
8.0,8.5,active,compatible,herald,compatible,herald,compatible,herald,compatible,active,compatible,active
8.0,8.5,rest,compatible,herald,compatible,herald,compatible,herald,compatible,active,compatible,active
8.0,8.625,active,compatible,herald,compatible,herald,compatible,herald,compatible,active,compatible,active
8.0,8.625,rest,compatible,herald,compatible,herald,compatible,herald,compatible,active,compatible,active
8.0,8.75,active,compatible,herald,compatible,herald,compatible,herald,compatible,active,compatible,active
8.0,8.75,rest,compatible,herald,compatible,herald,compatible,herald,compatible,active,compatible,active
8.0,8.875,active,compatible,herald,compatible,herald,compatible,herald,compatible,active,compatible,active
8.0,8.875,rest,compatible,herald,compatible,herald,compatible,herald,compatible,active,compatible,active
8.0,9.0,active,compatible,herald,compatible,herald,compatible,herald,compatible,active,compatible,active
8.0,9.0,rest,compatible,herald,compatible,herald,compatible,herald,compatible,active,compatible,active
8.0,9.125,active,compatible,herald,compatible,herald,compatible,herald,compatible,active,compatible,active
8.0,9.125,rest,compatible,herald,compatible,herald,compatible,herald,compatible,active,compatible,active
8.0,9.25,active,compatible,herald,compatible,herald,compatible,herald,compatible,active,compatible,active
8.0,9.25,rest,compatible,herald,compatible,herald,compatible,herald,compatible,active,compatible,active
8.0,9.375,active,compatible,herald,compatible,herald,compatible,herald,compatible,active,compatible,active
8.0,9.375,rest,compatible,herald,compatible,herald,compatible,herald,compatible,active,compatible,active
8.0,9.5,active,compatible,herald,compatible,herald,compatible,herald,compatible,active,compatible,active
8.0,9.5,rest,compatible,herald,compatible,herald,compatible,herald,compatible,active,compatible,active
8.0,9.625,active,compatible,herald,compatible,herald,compatible,herald,compatible,active,compatible,active
8.0,9.625,rest,compatible,herald,compatible,herald,compatible,herald,compatible,active,compatible,active
8.0,9.75,active,compatible,herald,compatible,herald,compatible,herald,compatible,active,compatible,active
8.0,9.75,rest,compatible,herald,compatible,herald,compatible,herald,compatible,active,compatible,active
8.0,9.875,active,compatible,herald,compatible,herald,compatible,herald,compatible,active,compatible,active
8.0,9.875,rest,compatible,herald,compatible,herald,compatible,herald,compatible,active,compatible,active
8.0,10.0,active,compatible,herald,compatible,herald,compatible,herald,compatible,active,compatible,active
8.0,10.0,rest,compatible,herald,compatible,herald,compatible,herald,compatible,active,compatible,active
8.0,10.125,active,compatible,herald,compatible,herald,compatible,herald,compatible,active,compatible,active
8.0,10.125,rest,compatible,herald,compatible,herald,compatible,herald,compatible,active,compatible,active
8.0,10.25,active,compatible,herald,compatible,herald,compatible,herald,compatible,active,compatible,active
8.0,10.25,rest,compatible,herald,compatible,herald,compatible,herald,compatible,active,compatible,active
8.0,10.375,active,compatible,herald,compatible,herald,compatible,herald,compatible,active,compatible,active
8.0,10.375,rest,compatible,herald,compatible,herald,compatible,herald,compatible,active,compatible,active
8.0,10.5,active,compatible,herald,compatible,herald,compatible,herald,compatible,active,compatible,active
8.0,10.5,rest,compatible,herald,compatible,herald,compatible,herald,compatible,active,compatible,active
8.0,10.625,active,compatible,herald,compatible,herald,compatible,herald,compatible,active,compatible,active
8.0,10.625,rest,compatible,herald,compatible,herald,compatible,herald,compatible,active,compatible,active
8.0,10.75,active,compatible,herald,compatible,herald,compatible,herald,compatible,active,compatible,active
8.0,10.75,rest,compatible,herald,compatible,herald,compatible,herald,compatible,active,compatible,active
8.0,10.875,active,compatible,herald,compatible,herald,compatible,herald,compatible,active,compatible,active
8.0,10.875,rest,compatible,herald,compatible,herald,compatible,herald,compatible,active,compatible,active
8.0,11.0,active,compatible,herald,compatible,herald,compatible,herald,compatible,active,compatible,active
8.0,11.0,rest,compatible,herald,compatible,herald,compatible,herald,compatible,active,compatible,active
8.0,11.125,active,compatible,herald,compatible,herald,compatible,herald,compatible,active,compatible,active
8.0,11.125,rest,compatible,herald,compatible,herald,compatible,herald,compatible,active,compatible,active
8.0,11.25,active,compatible,herald,compatible,herald,compatible,herald,compatible,active,compatible,active
8.0,11.25,rest,compatible,herald,compatible,herald,compatible,herald,compatible,active,compatible,active
8.0,11.375,active,compatible,herald,compatible,herald,compatible,herald,compatible,active,compatible,active
8.0,11.375,rest,compatible,herald,compatible,herald,compatible,herald,compatible,active,compatible,active
8.0,11.5,active,compatible,herald,compatible,herald,compatible,herald,compatible,active,compatible,active
8.0,11.5,rest,compatible,herald,compatible,herald,compatible,herald,compatible,active,compatible,active
8.0,11.625,active,compatible,herald,compatible,herald,compatible,herald,compatible,active,compatible,active
8.0,11.625,rest,compatible,herald,compatible,herald,compatible,herald,compatible,active,compatible,active
8.0,11.75,active,compatible,herald,compatible,herald,compatible,herald,compatible,active,compatible,active
8.0,11.75,rest,compatible,herald,compatible,herald,compatible,herald,compatible,active,compatible,active
8.0,11.875,active,compatible,herald,compatible,herald,compatible,herald,compatible,active,compatible,active
8.0,11.875,rest,compatible,herald,compatible,herald,compatible,herald,compatible,active,compatible,active
8.0,12.0,active,compatible,herald,compatible,herald,compatible,herald,compatible,active,compatible,active
8.0,12.0,rest,compatible,herald,compatible,herald,compatible,herald,compatible,active,compatible,active
8.0,12.125,active,compatible,herald,compatible,herald,compatible,herald,compatible,active,compatible,active
8.0,12.125,rest,compatible,herald,compatible,herald,compatible,herald,compatible,active,compatible,active
8.0,12.25,active,compatible,herald,compatible,herald,compatible,herald,compatible,active,compatible,active
8.0,12.25,rest,compatible,herald,compatible,herald,compatible,herald,compatible,active,compatible,active
8.0,12.375,active,compatible,herald,compatible,herald,compatible,herald,compatible,active,compatible,active
8.0,12.375,rest,compatible,herald,compatible,herald,compatible,herald,compatible,active,compatible,active
8.0,12.5,active,compatible,herald,compatible,herald,compatible,herald,compatible,active,compatible,active
8.0,12.5,rest,compatible,herald,compatible,herald,compatible,herald,compatible,active,compatible,active
8.0,12.625,active,compatible,herald,compatible,herald,compatible,herald,compatible,active,compatible,active
8.0,12.625,rest,compatible,herald,compatible,herald,compatible,herald,compatible,active,compatible,active
8.0,12.75,active,compatible,herald,compatible,herald,compatible,herald,compatible,active,compatible,active
8.0,12.75,rest,compatible,herald,compatible,herald,compatible,herald,compatible,active,compatible,active
8.0,12.875,active,compatible,herald,compatible,herald,compatible,herald,compatible,active,compatible,active
8.0,12.875,rest,compatible,herald,compatible,herald,compatible,herald,compatible,active,compatible,active
8.0,13.0,active,compatible,herald,compatible,herald,compatible,herald,compatible,active,compatible,active
8.0,13.0,rest,compatible,herald,compatible,herald,compatible,herald,compatible,active,compatible,active
8.0,13.125,active,compatible,herald,compatible,herald,compatible,herald,compatible,active,compatible,active
8.0,13.125,rest,compatible,herald,compatible,herald,compatible,herald,compatible,active,compatible,active
8.0,13.25,active,compatible,herald,compatible,herald,compatible,herald,compatible,active,compatible,active
8.0,13.25,rest,compatible,herald,compatible,herald,compatible,herald,compatible,active,compatible,active
8.0,13.375,active,compatible,herald,compatible,herald,compatible,herald,compatible,active,compatible,active
8.0,13.375,rest,compatible,herald,compatible,herald,compatible,herald,compatible,active,compatible,active
8.0,13.5,active,compatible,herald,compatible,herald,compatible,herald,compatible,active,compatible,active
8.0,13.5,rest,compatible,herald,compatible,herald,compatible,herald,compatible,active,compatible,active
8.0,13.625,active,compatible,herald,compatible,herald,compatible,herald,compatible,active,compatible,active
8.0,13.625,rest,compatible,herald,compatible,herald,compatible,herald,compatible,active,compatible,active
8.0,13.75,active,compatible,herald,compatible,herald,compatible,herald,compatible,active,compatible,active
8.0,13.75,rest,compatible,herald,compatible,herald,compatible,herald,compatible,active,compatible,active
8.0,13.875,active,compatible,herald,compatible,herald,compatible,herald,compatible,active,compatible,active
8.0,13.875,rest,compatible,herald,compatible,herald,compatible,herald,compatible,active,compatible,active
8.0,14.0,active,compatible,herald,compatible,herald,compatible,herald,compatible,active,compatible,active
8.0,14.0,rest,compatible,herald,compatible,herald,compatible,herald,compatible,active,compatible,active
8.0,14.125,active,compatible,herald,compatible,herald,compatible,herald,compatible,active,compatible,active
8.0,14.125,rest,compatible,herald,compatible,herald,compatible,herald,compatible,active,compatible,active
8.0,14.25,active,compatible,herald,compatible,herald,compatible,herald,compatible,active,compatible,active
8.0,14.25,rest,compatible,herald,compatible,herald,compatible,herald,compatible,active,compatible,active
8.0,14.375,active,compatible,herald,compatible,herald,compatible,herald,compatible,active,compatible,active
8.0,14.375,rest,compatible,herald,compatible,herald,compatible,herald,compatible,active,compatible,active
8.0,14.5,active,compatible,herald,compatible,herald,compatible,herald,compatible,active,compatible,active
8.0,14.5,rest,compatible,herald,compatible,herald,compatible,herald,compatible,active,compatible,active
8.0,14.625,active,compatible,herald,compatible,herald,compatible,herald,compatible,active,compatible,active
8.0,14.625,rest,compatible,herald,compatible,herald,compatible,herald,compatible,active,compatible,active
8.0,14.75,active,compatible,herald,compatible,herald,compatible,herald,compatible,active,compatible,active
8.0,14.75,rest,compatible,herald,compatible,herald,compatible,herald,compatible,active,compatible,active
8.0,14.875,active,compatible,herald,compatible,herald,compatible,herald,compatible,active,compatible,active
8.0,14.875,rest,compatible,herald,compatible,herald,compatible,herald,compatible,active,compatible,active
8.0,15.0,active,compatible,herald,compatible,herald,compatible,herald,compatible,active,compatible,active
8.0,15.0,rest,compatible,herald,compatible,herald,compatible,herald,compatible,active,compatible,active
8.0,15.125,active,compatible,herald,compatible,herald,compatible,herald,compatible,active,compatible,active
8.0,15.125,rest,compatible,herald,compatible,herald,compatible,herald,compatible,active,compatible,active
8.0,15.25,active,compatible,herald,compatible,herald,compatible,herald,compatible,active,compatible,active
8.0,15.25,rest,compatible,herald,compatible,herald,compatible,herald,compatible,active,compatible,active
8.0,15.375,active,compatible,herald,compatible,herald,compatible,herald,compatible,active,compatible,active
8.0,15.375,rest,compatible,herald,compatible,herald,compatible,herald,compatible,active,compatible,active
8.0,15.5,active,compatible,herald,compatible,herald,compatible,herald,compatible,active,compatible,active
8.0,15.5,rest,compatible,herald,compatible,herald,compatible,herald,compatible,active,compatible,active
8.0,15.625,active,compatible,herald,compatible,herald,compatible,herald,compatible,active,compatible,active
8.0,15.625,rest,compatible,herald,compatible,herald,compatible,herald,compatible,active,compatible,active
8.0,15.75,active,compatible,herald,compatible,herald,compatible,herald,compatible,active,compatible,active
8.0,15.75,rest,compatible,herald,compatible,herald,compatible,herald,compatible,active,compatible,active
8.0,15.875,active,compatible,herald,compatible,herald,compatible,herald,compatible,active,compatible,active
8.0,15.875,rest,compatible,herald,compatible,herald,compatible,herald,compatible,active,compatible,active
8.0,16.0,active,compatible,herald,compatible,herald,compatible,herald,compatible,active,compatible,active
8.0,16.0,rest,compatible,herald,compatible,herald,compatible,herald,compatible,active,compatible,active
8.25,0.35,active,compatible,active,unrun,unresolved,unrun,unresolved,unrun,unresolved,unrun,unresolved
8.25,0.35,rest,compatible,rest,unrun,unresolved,unrun,unresolved,unrun,unresolved,unrun,unresolved
8.25,0.38125,active,compatible,active,unrun,unresolved,unrun,unresolved,unrun,unresolved,unrun,unresolved
8.25,0.38125,rest,compatible,rest,unrun,unresolved,unrun,unresolved,unrun,unresolved,unrun,unresolved
8.25,0.4125,active,compatible,active,unrun,unresolved,unrun,unresolved,unrun,unresolved,unrun,unresolved
8.25,0.4125,rest,compatible,rest,unrun,unresolved,unrun,unresolved,unrun,unresolved,unrun,unresolved
8.25,0.41640625,active,compatible,rest,unrun,unresolved,unrun,unresolved,unrun,unresolved,unrun,unresolved
8.25,0.41640625,rest,compatible,rest,unrun,unresolved,unrun,unresolved,unrun,unresolved,unrun,unresolved
8.25,0.4203125,active,compatible,rest,unrun,unresolved,unrun,unresolved,unrun,unresolved,unrun,unresolved
8.25,0.4203125,rest,compatible,rest,unrun,unresolved,unrun,unresolved,unrun,unresolved,unrun,unresolved
8.25,0.42421875,active,compatible,rest,unrun,unresolved,unrun,unresolved,unrun,unresolved,unrun,unresolved
8.25,0.42421875,rest,compatible,rest,unrun,unresolved,unrun,unresolved,unrun,unresolved,unrun,unresolved
8.25,0.428125,active,compatible,rest,unrun,unresolved,unrun,unresolved,unrun,unresolved,unrun,unresolved
8.25,0.428125,rest,compatible,rest,unrun,unresolved,unrun,unresolved,unrun,unresolved,unrun,unresolved
8.25,0.4359375,active,compatible,rest,unrun,unresolved,unrun,unresolved,unrun,unresolved,unrun,unresolved
8.25,0.4359375,rest,compatible,rest,unrun,unresolved,unrun,unresolved,unrun,unresolved,unrun,unresolved
8.25,0.44375,active,compatible,rest,unrun,unresolved,unrun,unresolved,unrun,unresolved,unrun,unresolved
8.25,0.44375,rest,compatible,rest,unrun,unresolved,unrun,unresolved,unrun,unresolved,unrun,unresolved
8.25,0.459375,active,compatible,rest,unrun,unresolved,unrun,unresolved,unrun,unresolved,unrun,unresolved
8.25,0.459375,rest,compatible,rest,unrun,unresolved,unrun,unresolved,unrun,unresolved,unrun,unresolved
8.25,0.475,active,compatible,rest,unrun,unresolved,unrun,unresolved,unrun,unresolved,unrun,unresolved
8.25,0.475,rest,compatible,rest,unrun,unresolved,unrun,unresolved,unrun,unresolved,unrun,unresolved
8.25,0.5375,active,compatible,rest,unrun,unresolved,unrun,unresolved,unrun,unresolved,unrun,unresolved
8.25,0.5375,rest,compatible,rest,unrun,unresolved,unrun,unresolved,unrun,unresolved,unrun,unresolved
8.25,0.6,active,compatible,rest,unrun,unresolved,unrun,unresolved,unrun,unresolved,unrun,unresolved
8.25,0.6,rest,compatible,rest,unrun,unresolved,unrun,unresolved,unrun,unresolved,unrun,unresolved
8.25,0.725,active,compatible,rest,unrun,unresolved,unrun,unresolved,unrun,unresolved,unrun,unresolved
8.25,0.725,rest,compatible,rest,unrun,unresolved,unrun,unresolved,unrun,unresolved,unrun,unresolved
8.25,0.85,active,compatible,rest,unrun,unresolved,unrun,unresolved,unrun,unresolved,unrun,unresolved
8.25,0.85,rest,compatible,rest,unrun,unresolved,unrun,unresolved,unrun,unresolved,unrun,unresolved
8.25,0.975,active,compatible,rest,unrun,unresolved,unrun,unresolved,unrun,unresolved,unrun,unresolved
8.25,0.975,rest,compatible,rest,unrun,unresolved,unrun,unresolved,unrun,unresolved,unrun,unresolved
8.25,1.1,active,compatible,rest,unrun,unresolved,unrun,unresolved,unrun,unresolved,unrun,unresolved
8.25,1.1,rest,compatible,rest,unrun,unresolved,unrun,unresolved,unrun,unresolved,unrun,unresolved
8.25,1.1625,active,compatible,rest,unrun,unresolved,unrun,unresolved,unrun,unresolved,unrun,unresolved
8.25,1.1625,rest,compatible,rest,unrun,unresolved,unrun,unresolved,unrun,unresolved,unrun,unresolved
8.25,1.225,active,compatible,rest,unrun,unresolved,unrun,unresolved,unrun,unresolved,unrun,unresolved
8.25,1.225,rest,compatible,rest,unrun,unresolved,unrun,unresolved,unrun,unresolved,unrun,unresolved
8.25,1.22890625,active,compatible,rest,unrun,unresolved,unrun,unresolved,unrun,unresolved,unrun,unresolved
8.25,1.22890625,rest,compatible,rest,unrun,unresolved,unrun,unresolved,unrun,unresolved,unrun,unresolved
8.25,1.2328125,active,compatible,herald,compatible,herald,compatible,herald,compatible,active,compatible,active
8.25,1.2328125,rest,compatible,herald,compatible,herald,compatible,herald,compatible,active,compatible,active
8.25,1.23671875,active,compatible,herald,compatible,herald,compatible,herald,compatible,active,compatible,active
8.25,1.23671875,rest,compatible,herald,compatible,herald,compatible,herald,compatible,active,compatible,active
8.25,1.240625,active,compatible,herald,compatible,herald,compatible,herald,compatible,active,compatible,active
8.25,1.240625,rest,compatible,herald,compatible,herald,compatible,herald,compatible,active,compatible,active
8.25,1.2484375,active,compatible,herald,compatible,herald,compatible,herald,compatible,active,compatible,active
8.25,1.2484375,rest,compatible,herald,compatible,herald,compatible,herald,compatible,active,compatible,active
8.25,1.25625,active,compatible,herald,compatible,herald,compatible,herald,compatible,active,compatible,active
8.25,1.25625,rest,compatible,herald,compatible,herald,compatible,herald,compatible,active,compatible,active
8.25,1.271875,active,compatible,herald,compatible,herald,compatible,herald,compatible,active,compatible,active
8.25,1.271875,rest,compatible,herald,compatible,herald,compatible,herald,compatible,active,compatible,active
8.25,1.2875,active,compatible,herald,compatible,herald,compatible,herald,compatible,active,compatible,active
8.25,1.2875,rest,compatible,herald,compatible,herald,compatible,herald,compatible,active,compatible,active
8.25,1.31875,active,compatible,herald,compatible,herald,compatible,herald,compatible,active,compatible,active
8.25,1.31875,rest,compatible,herald,compatible,herald,compatible,herald,compatible,active,compatible,active
8.25,1.35,active,compatible,herald,compatible,herald,compatible,herald,compatible,active,compatible,active
8.25,1.35,rest,compatible,herald,compatible,herald,compatible,herald,compatible,active,compatible,active
8.25,1.475,active,compatible,herald,compatible,herald,compatible,herald,compatible,active,compatible,active
8.25,1.475,rest,compatible,herald,compatible,herald,compatible,herald,compatible,active,compatible,active
8.25,1.6,active,compatible,herald,compatible,herald,compatible,herald,compatible,active,compatible,active
8.25,1.6,rest,compatible,herald,compatible,herald,compatible,herald,compatible,active,compatible,active
8.25,1.725,active,compatible,herald,compatible,herald,compatible,herald,compatible,active,compatible,active
8.25,1.725,rest,compatible,herald,compatible,herald,compatible,herald,compatible,active,compatible,active
8.25,1.85,active,compatible,herald,compatible,herald,compatible,herald,compatible,active,compatible,active
8.25,1.85,rest,compatible,herald,compatible,herald,compatible,herald,compatible,active,compatible,active
8.25,1.975,active,compatible,herald,compatible,herald,compatible,herald,compatible,active,compatible,active
8.25,1.975,rest,compatible,herald,compatible,herald,compatible,herald,compatible,active,compatible,active
8.25,2.1,active,compatible,herald,compatible,herald,compatible,herald,compatible,active,compatible,active
8.25,2.1,rest,compatible,herald,compatible,herald,compatible,herald,compatible,active,compatible,active
8.25,2.225,active,compatible,herald,compatible,herald,compatible,herald,compatible,active,compatible,active
8.25,2.225,rest,compatible,herald,compatible,herald,compatible,herald,compatible,active,compatible,active
8.25,2.35,active,compatible,herald,compatible,herald,compatible,herald,compatible,active,compatible,active
8.25,2.35,rest,compatible,herald,compatible,herald,compatible,herald,compatible,active,compatible,active
8.25,2.475,active,compatible,herald,compatible,herald,compatible,herald,compatible,active,compatible,active
8.25,2.475,rest,compatible,herald,compatible,herald,compatible,herald,compatible,active,compatible,active
8.25,2.6,active,compatible,herald,compatible,herald,compatible,herald,compatible,active,compatible,active
8.25,2.6,rest,compatible,herald,compatible,herald,compatible,herald,compatible,active,compatible,active
8.25,2.725,active,compatible,herald,compatible,herald,compatible,herald,compatible,active,compatible,active
8.25,2.725,rest,compatible,herald,compatible,herald,compatible,herald,compatible,active,compatible,active
8.25,2.85,active,compatible,herald,compatible,herald,compatible,herald,compatible,active,compatible,active
8.25,2.85,rest,compatible,herald,compatible,herald,compatible,herald,compatible,active,compatible,active
8.25,2.975,active,compatible,herald,compatible,herald,compatible,herald,compatible,active,compatible,active
8.25,2.975,rest,compatible,herald,compatible,herald,compatible,herald,compatible,active,compatible,active
8.25,3.1,active,compatible,herald,compatible,herald,compatible,herald,compatible,active,compatible,active
8.25,3.1,rest,compatible,herald,compatible,herald,compatible,herald,compatible,active,compatible,active
8.25,3.225,active,compatible,herald,compatible,herald,compatible,herald,compatible,active,compatible,active
8.25,3.225,rest,compatible,herald,compatible,herald,compatible,herald,compatible,active,compatible,active
8.25,3.35,active,compatible,herald,compatible,herald,compatible,herald,compatible,active,compatible,active
8.25,3.35,rest,compatible,herald,compatible,herald,compatible,herald,compatible,active,compatible,active
8.25,3.475,active,compatible,herald,compatible,herald,compatible,herald,compatible,active,compatible,active
8.25,3.475,rest,compatible,herald,compatible,herald,compatible,herald,compatible,active,compatible,active
8.25,3.6,active,compatible,herald,compatible,herald,compatible,herald,compatible,active,compatible,active
8.25,3.6,rest,compatible,herald,compatible,herald,compatible,herald,compatible,active,compatible,active
8.25,3.725,active,compatible,herald,compatible,herald,compatible,herald,compatible,active,compatible,active
8.25,3.725,rest,compatible,herald,compatible,herald,compatible,herald,compatible,active,compatible,active
8.25,3.85,active,compatible,herald,compatible,herald,compatible,herald,compatible,active,compatible,active
8.25,3.85,rest,compatible,herald,compatible,herald,compatible,herald,compatible,active,compatible,active
8.25,3.975,active,compatible,herald,compatible,herald,compatible,herald,compatible,active,compatible,active
8.25,3.975,rest,compatible,herald,compatible,herald,compatible,herald,compatible,active,compatible,active
8.25,4.1,active,compatible,herald,compatible,herald,compatible,herald,compatible,active,compatible,active
8.25,4.1,rest,compatible,herald,compatible,herald,compatible,herald,compatible,active,compatible,active
8.25,4.225,active,compatible,herald,compatible,herald,compatible,herald,compatible,active,compatible,active
8.25,4.225,rest,compatible,herald,compatible,herald,compatible,herald,compatible,active,compatible,active
8.25,4.35,active,compatible,herald,compatible,herald,compatible,herald,compatible,active,compatible,active
8.25,4.35,rest,compatible,herald,compatible,herald,compatible,herald,compatible,active,compatible,active
8.25,4.475,active,compatible,herald,compatible,herald,compatible,herald,compatible,active,compatible,active
8.25,4.475,rest,compatible,herald,compatible,herald,compatible,herald,compatible,active,compatible,active
8.25,4.6,active,compatible,herald,compatible,herald,compatible,herald,compatible,active,compatible,active
8.25,4.6,rest,compatible,herald,compatible,herald,compatible,herald,compatible,active,compatible,active
8.25,4.725,active,compatible,herald,compatible,herald,compatible,herald,compatible,active,compatible,active
8.25,4.725,rest,compatible,herald,compatible,herald,compatible,herald,compatible,active,compatible,active
8.25,4.85,active,compatible,herald,compatible,herald,compatible,herald,compatible,active,compatible,active
8.25,4.85,rest,compatible,herald,compatible,herald,compatible,herald,compatible,active,compatible,active
8.25,4.975,active,compatible,herald,compatible,herald,compatible,herald,compatible,active,compatible,active
8.25,4.975,rest,compatible,herald,compatible,herald,compatible,herald,compatible,active,compatible,active
8.25,5.1,active,compatible,herald,compatible,herald,compatible,herald,compatible,active,compatible,active
8.25,5.1,rest,compatible,herald,compatible,herald,compatible,herald,compatible,active,compatible,active
8.25,5.225,active,compatible,herald,compatible,herald,compatible,herald,compatible,active,compatible,active
8.25,5.225,rest,compatible,herald,compatible,herald,compatible,herald,compatible,active,compatible,active
8.25,5.35,active,compatible,herald,compatible,herald,compatible,herald,compatible,active,compatible,active
8.25,5.35,rest,compatible,herald,compatible,herald,compatible,herald,compatible,active,compatible,active
8.25,5.475,active,compatible,herald,compatible,herald,compatible,herald,compatible,active,compatible,active
8.25,5.475,rest,compatible,herald,compatible,herald,compatible,herald,compatible,active,compatible,active
8.25,5.6,active,compatible,herald,compatible,herald,compatible,herald,compatible,active,compatible,active
8.25,5.6,rest,compatible,herald,compatible,herald,compatible,herald,compatible,active,compatible,active
8.25,5.725,active,compatible,herald,compatible,herald,compatible,herald,compatible,active,compatible,active
8.25,5.725,rest,compatible,herald,compatible,herald,compatible,herald,compatible,active,compatible,active
8.25,5.85,active,compatible,herald,compatible,herald,compatible,herald,compatible,active,compatible,active
8.25,5.85,rest,compatible,herald,compatible,herald,compatible,herald,compatible,active,compatible,active
8.25,5.975,active,compatible,herald,compatible,herald,compatible,herald,compatible,active,compatible,active
8.25,5.975,rest,compatible,herald,compatible,herald,compatible,herald,compatible,active,compatible,active
8.25,6.1,active,compatible,herald,compatible,herald,compatible,herald,compatible,active,compatible,active
8.25,6.1,rest,compatible,herald,compatible,herald,compatible,herald,compatible,active,compatible,active
8.25,6.225,active,compatible,herald,compatible,herald,compatible,herald,compatible,active,compatible,active
8.25,6.225,rest,compatible,herald,compatible,herald,compatible,herald,compatible,active,compatible,active
8.25,6.35,active,compatible,herald,compatible,herald,compatible,herald,compatible,active,compatible,active
8.25,6.35,rest,compatible,herald,compatible,herald,compatible,herald,compatible,active,compatible,active
8.25,6.475,active,compatible,herald,compatible,herald,compatible,herald,compatible,active,compatible,active
8.25,6.475,rest,compatible,herald,compatible,herald,compatible,herald,compatible,active,compatible,active
8.25,6.6,active,compatible,herald,compatible,herald,compatible,herald,compatible,active,compatible,active
8.25,6.6,rest,compatible,herald,compatible,herald,compatible,herald,compatible,active,compatible,active
8.25,6.725,active,compatible,herald,compatible,herald,compatible,herald,compatible,active,compatible,active
8.25,6.725,rest,compatible,herald,compatible,herald,compatible,herald,compatible,active,compatible,active
8.25,6.85,active,compatible,herald,compatible,herald,compatible,herald,compatible,active,compatible,active
8.25,6.85,rest,compatible,herald,compatible,herald,compatible,herald,compatible,active,compatible,active
8.25,6.975,active,compatible,herald,compatible,herald,compatible,herald,compatible,active,compatible,active
8.25,6.975,rest,compatible,herald,compatible,herald,compatible,herald,compatible,active,compatible,active
8.25,7.1,active,compatible,herald,compatible,herald,compatible,herald,compatible,active,compatible,active
8.25,7.1,rest,compatible,herald,compatible,herald,compatible,herald,compatible,active,compatible,active
8.25,7.225,active,compatible,herald,compatible,herald,compatible,herald,compatible,active,compatible,active
8.25,7.225,rest,compatible,herald,compatible,herald,compatible,herald,compatible,active,compatible,active
8.25,7.35,active,compatible,herald,compatible,herald,compatible,herald,compatible,active,compatible,active
8.25,7.35,rest,compatible,herald,compatible,herald,compatible,herald,compatible,active,compatible,active
8.25,7.475,active,compatible,herald,compatible,herald,compatible,herald,compatible,active,compatible,active
8.25,7.475,rest,compatible,herald,compatible,herald,compatible,herald,compatible,active,compatible,active
8.25,7.6,active,compatible,herald,compatible,herald,compatible,herald,compatible,active,compatible,active
8.25,7.6,rest,compatible,herald,compatible,herald,compatible,herald,compatible,active,compatible,active
8.25,7.725,active,compatible,herald,compatible,herald,compatible,herald,compatible,active,compatible,active
8.25,7.725,rest,compatible,herald,compatible,herald,compatible,herald,compatible,active,compatible,active
8.25,7.85,active,compatible,herald,compatible,herald,compatible,herald,compatible,active,compatible,active
8.25,7.85,rest,compatible,herald,compatible,herald,compatible,herald,compatible,active,compatible,active
8.25,7.925,active,compatible,herald,compatible,herald,compatible,herald,compatible,active,compatible,active
8.25,7.925,rest,compatible,herald,compatible,herald,compatible,herald,compatible,active,compatible,active
8.25,8.0,active,compatible,herald,compatible,herald,compatible,herald,compatible,active,compatible,active
8.25,8.0,rest,compatible,herald,compatible,herald,compatible,herald,compatible,active,compatible,active
8.25,8.125,active,compatible,herald,compatible,herald,compatible,herald,compatible,active,compatible,active
8.25,8.125,rest,compatible,herald,compatible,herald,compatible,herald,compatible,active,compatible,active
8.25,8.25,active,compatible,herald,compatible,herald,compatible,herald,compatible,active,compatible,active
8.25,8.25,rest,compatible,herald,compatible,herald,compatible,herald,compatible,active,compatible,active
8.25,8.375,active,compatible,herald,compatible,herald,compatible,herald,compatible,active,compatible,active
8.25,8.375,rest,compatible,herald,compatible,herald,compatible,herald,compatible,active,compatible,active
8.25,8.5,active,compatible,herald,compatible,herald,compatible,herald,compatible,active,compatible,active
8.25,8.5,rest,compatible,herald,compatible,herald,compatible,herald,compatible,active,compatible,active
8.25,8.625,active,compatible,herald,compatible,herald,compatible,herald,compatible,active,compatible,active
8.25,8.625,rest,compatible,herald,compatible,herald,compatible,herald,compatible,active,compatible,active
8.25,8.75,active,compatible,herald,compatible,herald,compatible,herald,compatible,active,compatible,active
8.25,8.75,rest,compatible,herald,compatible,herald,compatible,herald,compatible,active,compatible,active
8.25,8.875,active,compatible,herald,compatible,herald,compatible,herald,compatible,active,compatible,active
8.25,8.875,rest,compatible,herald,compatible,herald,compatible,herald,compatible,active,compatible,active
8.25,9.0,active,compatible,herald,compatible,herald,compatible,herald,compatible,active,compatible,active
8.25,9.0,rest,compatible,herald,compatible,herald,compatible,herald,compatible,active,compatible,active
8.25,9.125,active,compatible,herald,compatible,herald,compatible,herald,compatible,active,compatible,active
8.25,9.125,rest,compatible,herald,compatible,herald,compatible,herald,compatible,active,compatible,active
8.25,9.25,active,compatible,herald,compatible,herald,compatible,herald,compatible,active,compatible,active
8.25,9.25,rest,compatible,herald,compatible,herald,compatible,herald,compatible,active,compatible,active
8.25,9.375,active,compatible,herald,compatible,herald,compatible,herald,compatible,active,compatible,active
8.25,9.375,rest,compatible,herald,compatible,herald,compatible,herald,compatible,active,compatible,active
8.25,9.5,active,compatible,herald,compatible,herald,compatible,herald,compatible,active,compatible,active
8.25,9.5,rest,compatible,herald,compatible,herald,compatible,herald,compatible,active,compatible,active
8.25,9.625,active,compatible,herald,compatible,herald,compatible,herald,compatible,active,compatible,active
8.25,9.625,rest,compatible,herald,compatible,herald,compatible,herald,compatible,active,compatible,active
8.25,9.75,active,compatible,herald,compatible,herald,compatible,herald,compatible,active,compatible,active
8.25,9.75,rest,compatible,herald,compatible,herald,compatible,herald,compatible,active,compatible,active
8.25,9.875,active,compatible,herald,compatible,herald,compatible,herald,compatible,active,compatible,active
8.25,9.875,rest,compatible,herald,compatible,herald,compatible,herald,compatible,active,compatible,active
8.25,10.0,active,compatible,herald,compatible,herald,compatible,herald,compatible,active,compatible,active
8.25,10.0,rest,compatible,herald,compatible,herald,compatible,herald,compatible,active,compatible,active
8.25,10.125,active,compatible,herald,compatible,herald,compatible,herald,compatible,active,compatible,active
8.25,10.125,rest,compatible,herald,compatible,herald,compatible,herald,compatible,active,compatible,active
8.25,10.25,active,compatible,herald,compatible,herald,compatible,herald,compatible,active,compatible,active
8.25,10.25,rest,compatible,herald,compatible,herald,compatible,herald,compatible,active,compatible,active
8.25,10.375,active,compatible,herald,compatible,herald,compatible,herald,compatible,active,compatible,active
8.25,10.375,rest,compatible,herald,compatible,herald,compatible,herald,compatible,active,compatible,active
8.25,10.5,active,compatible,herald,compatible,herald,compatible,herald,compatible,active,compatible,active
8.25,10.5,rest,compatible,herald,compatible,herald,compatible,herald,compatible,active,compatible,active
8.25,10.625,active,compatible,herald,compatible,herald,compatible,herald,compatible,active,compatible,active
8.25,10.625,rest,compatible,herald,compatible,herald,compatible,herald,compatible,active,compatible,active
8.25,10.75,active,compatible,herald,compatible,herald,compatible,herald,compatible,active,compatible,active
8.25,10.75,rest,compatible,herald,compatible,herald,compatible,herald,compatible,active,compatible,active
8.25,10.875,active,compatible,herald,compatible,herald,compatible,herald,compatible,active,compatible,active
8.25,10.875,rest,compatible,herald,compatible,herald,compatible,herald,compatible,active,compatible,active
8.25,11.0,active,compatible,herald,compatible,herald,compatible,herald,compatible,active,compatible,active
8.25,11.0,rest,compatible,herald,compatible,herald,compatible,herald,compatible,active,compatible,active
8.25,11.125,active,compatible,herald,compatible,herald,compatible,herald,compatible,active,compatible,active
8.25,11.125,rest,compatible,herald,compatible,herald,compatible,herald,compatible,active,compatible,active
8.25,11.25,active,compatible,herald,compatible,herald,compatible,herald,compatible,active,compatible,active
8.25,11.25,rest,compatible,herald,compatible,herald,compatible,herald,compatible,active,compatible,active
8.25,11.375,active,compatible,herald,compatible,herald,compatible,herald,compatible,active,compatible,active
8.25,11.375,rest,compatible,herald,compatible,herald,compatible,herald,compatible,active,compatible,active
8.25,11.5,active,compatible,herald,compatible,herald,compatible,herald,compatible,active,compatible,active
8.25,11.5,rest,compatible,herald,compatible,herald,compatible,herald,compatible,active,compatible,active
8.25,11.625,active,compatible,herald,compatible,herald,compatible,herald,compatible,active,compatible,active
8.25,11.625,rest,compatible,herald,compatible,herald,compatible,herald,compatible,active,compatible,active
8.25,11.75,active,compatible,herald,compatible,herald,compatible,herald,compatible,active,compatible,active
8.25,11.75,rest,compatible,herald,compatible,herald,compatible,herald,compatible,active,compatible,active
8.25,11.875,active,compatible,herald,compatible,herald,compatible,herald,compatible,active,compatible,active
8.25,11.875,rest,compatible,herald,compatible,herald,compatible,herald,compatible,active,compatible,active
8.25,12.0,active,compatible,herald,compatible,herald,compatible,herald,compatible,active,compatible,active
8.25,12.0,rest,compatible,herald,compatible,herald,compatible,herald,compatible,active,compatible,active
8.25,12.125,active,compatible,herald,compatible,herald,compatible,herald,compatible,active,compatible,active
8.25,12.125,rest,compatible,herald,compatible,herald,compatible,herald,compatible,active,compatible,active
8.25,12.25,active,compatible,herald,compatible,herald,compatible,herald,compatible,active,compatible,active
8.25,12.25,rest,compatible,herald,compatible,herald,compatible,herald,compatible,active,compatible,active
8.25,12.375,active,compatible,herald,compatible,herald,compatible,herald,compatible,active,compatible,active
8.25,12.375,rest,compatible,herald,compatible,herald,compatible,herald,compatible,active,compatible,active
8.25,12.5,active,compatible,herald,compatible,herald,compatible,herald,compatible,active,compatible,active
8.25,12.5,rest,compatible,herald,compatible,herald,compatible,herald,compatible,active,compatible,active
8.25,12.625,active,compatible,herald,compatible,herald,compatible,herald,compatible,active,compatible,active
8.25,12.625,rest,compatible,herald,compatible,herald,compatible,herald,compatible,active,compatible,active
8.25,12.75,active,compatible,herald,compatible,herald,compatible,herald,compatible,active,compatible,active
8.25,12.75,rest,compatible,herald,compatible,herald,compatible,herald,compatible,active,compatible,active
8.25,12.875,active,compatible,herald,compatible,herald,compatible,herald,compatible,active,compatible,active
8.25,12.875,rest,compatible,herald,compatible,herald,compatible,herald,compatible,active,compatible,active
8.25,13.0,active,compatible,herald,compatible,herald,compatible,herald,compatible,active,compatible,active
8.25,13.0,rest,compatible,herald,compatible,herald,compatible,herald,compatible,active,compatible,active
8.25,13.125,active,compatible,herald,compatible,herald,compatible,herald,compatible,active,compatible,active
8.25,13.125,rest,compatible,herald,compatible,herald,compatible,herald,compatible,active,compatible,active
8.25,13.25,active,compatible,herald,compatible,herald,compatible,herald,compatible,active,compatible,active
8.25,13.25,rest,compatible,herald,compatible,herald,compatible,herald,compatible,active,compatible,active
8.25,13.375,active,compatible,herald,compatible,herald,compatible,herald,compatible,active,compatible,active
8.25,13.375,rest,compatible,herald,compatible,herald,compatible,herald,compatible,active,compatible,active
8.25,13.5,active,compatible,herald,compatible,herald,compatible,herald,compatible,active,compatible,active
8.25,13.5,rest,compatible,herald,compatible,herald,compatible,herald,compatible,active,compatible,active
8.25,13.625,active,compatible,herald,compatible,herald,compatible,herald,compatible,active,compatible,active
8.25,13.625,rest,compatible,herald,compatible,herald,compatible,herald,compatible,active,compatible,active
8.25,13.75,active,compatible,herald,compatible,herald,compatible,herald,compatible,active,compatible,active
8.25,13.75,rest,compatible,herald,compatible,herald,compatible,herald,compatible,active,compatible,active
8.25,13.875,active,compatible,herald,compatible,herald,compatible,herald,compatible,active,compatible,active
8.25,13.875,rest,compatible,herald,compatible,herald,compatible,herald,compatible,active,compatible,active
8.25,14.0,active,compatible,herald,compatible,herald,compatible,herald,compatible,active,compatible,active
8.25,14.0,rest,compatible,herald,compatible,herald,compatible,herald,compatible,active,compatible,active
8.25,14.125,active,compatible,herald,compatible,herald,compatible,herald,compatible,active,compatible,active
8.25,14.125,rest,compatible,herald,compatible,herald,compatible,herald,compatible,active,compatible,active
8.25,14.25,active,compatible,herald,compatible,herald,compatible,herald,compatible,active,compatible,active
8.25,14.25,rest,compatible,herald,compatible,herald,compatible,herald,compatible,active,compatible,active
8.25,14.375,active,compatible,herald,compatible,herald,compatible,herald,compatible,active,compatible,active
8.25,14.375,rest,compatible,herald,compatible,herald,compatible,herald,compatible,active,compatible,active
8.25,14.5,active,compatible,herald,compatible,herald,compatible,herald,compatible,active,compatible,active
8.25,14.5,rest,compatible,herald,compatible,herald,compatible,herald,compatible,active,compatible,active
8.25,14.625,active,compatible,herald,compatible,herald,compatible,herald,compatible,active,compatible,active
8.25,14.625,rest,compatible,herald,compatible,herald,compatible,herald,compatible,active,compatible,active
8.25,14.75,active,compatible,herald,compatible,herald,compatible,herald,compatible,active,compatible,active
8.25,14.75,rest,compatible,herald,compatible,herald,compatible,herald,compatible,active,compatible,active
8.25,14.875,active,compatible,herald,compatible,herald,compatible,herald,compatible,active,compatible,active
8.25,14.875,rest,compatible,herald,compatible,herald,compatible,herald,compatible,active,compatible,active
8.25,15.0,active,compatible,herald,compatible,herald,compatible,herald,compatible,active,compatible,active
8.25,15.0,rest,compatible,herald,compatible,herald,compatible,herald,compatible,active,compatible,active
8.25,15.125,active,compatible,herald,compatible,herald,compatible,herald,compatible,active,compatible,active
8.25,15.125,rest,compatible,herald,compatible,herald,compatible,herald,compatible,active,compatible,active
8.25,15.25,active,compatible,herald,compatible,herald,compatible,herald,compatible,active,compatible,active
8.25,15.25,rest,compatible,herald,compatible,herald,compatible,herald,compatible,active,compatible,active
8.25,15.375,active,compatible,herald,compatible,herald,compatible,herald,compatible,active,compatible,active
8.25,15.375,rest,compatible,herald,compatible,herald,compatible,herald,compatible,active,compatible,active
8.25,15.5,active,compatible,herald,compatible,herald,compatible,herald,compatible,active,compatible,active
8.25,15.5,rest,compatible,herald,compatible,herald,compatible,herald,compatible,active,compatible,active
8.25,15.625,active,compatible,herald,compatible,herald,compatible,herald,compatible,active,compatible,active
8.25,15.625,rest,compatible,herald,compatible,herald,compatible,herald,compatible,active,compatible,active
8.25,15.75,active,compatible,herald,compatible,herald,compatible,herald,compatible,active,compatible,active
8.25,15.75,rest,compatible,herald,compatible,herald,compatible,herald,compatible,active,compatible,active
8.25,15.875,active,compatible,herald,compatible,herald,compatible,herald,compatible,active,compatible,active
8.25,15.875,rest,compatible,herald,compatible,herald,compatible,herald,compatible,active,compatible,active
8.25,16.0,active,compatible,herald,compatible,herald,compatible,herald,compatible,active,compatible,active
8.25,16.0,rest,compatible,herald,compatible,herald,compatible,herald,compatible,active,compatible,active
8.5,0.35,active,compatible,active,unrun,unresolved,unrun,unresolved,unrun,unresolved,unrun,unresolved
8.5,0.35,rest,compatible,rest,unrun,unresolved,unrun,unresolved,unrun,unresolved,unrun,unresolved
8.5,0.38125,active,compatible,active,unrun,unresolved,unrun,unresolved,unrun,unresolved,unrun,unresolved
8.5,0.38125,rest,compatible,rest,unrun,unresolved,unrun,unresolved,unrun,unresolved,unrun,unresolved
8.5,0.4125,active,compatible,active,unrun,unresolved,unrun,unresolved,unrun,unresolved,unrun,unresolved
8.5,0.4125,rest,compatible,rest,unrun,unresolved,unrun,unresolved,unrun,unresolved,unrun,unresolved
8.5,0.41640625,active,compatible,rest,unrun,unresolved,unrun,unresolved,unrun,unresolved,unrun,unresolved
8.5,0.41640625,rest,compatible,rest,unrun,unresolved,unrun,unresolved,unrun,unresolved,unrun,unresolved
8.5,0.4203125,active,compatible,rest,unrun,unresolved,unrun,unresolved,unrun,unresolved,unrun,unresolved
8.5,0.4203125,rest,compatible,rest,unrun,unresolved,unrun,unresolved,unrun,unresolved,unrun,unresolved
8.5,0.42421875,active,compatible,rest,unrun,unresolved,unrun,unresolved,unrun,unresolved,unrun,unresolved
8.5,0.42421875,rest,compatible,rest,unrun,unresolved,unrun,unresolved,unrun,unresolved,unrun,unresolved
8.5,0.428125,active,compatible,rest,unrun,unresolved,unrun,unresolved,unrun,unresolved,unrun,unresolved
8.5,0.428125,rest,compatible,rest,unrun,unresolved,unrun,unresolved,unrun,unresolved,unrun,unresolved
8.5,0.4359375,active,compatible,rest,unrun,unresolved,unrun,unresolved,unrun,unresolved,unrun,unresolved
8.5,0.4359375,rest,compatible,rest,unrun,unresolved,unrun,unresolved,unrun,unresolved,unrun,unresolved
8.5,0.44375,active,compatible,rest,unrun,unresolved,unrun,unresolved,unrun,unresolved,unrun,unresolved
8.5,0.44375,rest,compatible,rest,unrun,unresolved,unrun,unresolved,unrun,unresolved,unrun,unresolved
8.5,0.459375,active,compatible,rest,unrun,unresolved,unrun,unresolved,unrun,unresolved,unrun,unresolved
8.5,0.459375,rest,compatible,rest,unrun,unresolved,unrun,unresolved,unrun,unresolved,unrun,unresolved
8.5,0.475,active,compatible,rest,unrun,unresolved,unrun,unresolved,unrun,unresolved,unrun,unresolved
8.5,0.475,rest,compatible,rest,unrun,unresolved,unrun,unresolved,unrun,unresolved,unrun,unresolved
8.5,0.5375,active,compatible,rest,unrun,unresolved,unrun,unresolved,unrun,unresolved,unrun,unresolved
8.5,0.5375,rest,compatible,rest,unrun,unresolved,unrun,unresolved,unrun,unresolved,unrun,unresolved
8.5,0.6,active,compatible,rest,unrun,unresolved,unrun,unresolved,unrun,unresolved,unrun,unresolved
8.5,0.6,rest,compatible,rest,unrun,unresolved,unrun,unresolved,unrun,unresolved,unrun,unresolved
8.5,0.725,active,compatible,rest,unrun,unresolved,unrun,unresolved,unrun,unresolved,unrun,unresolved
8.5,0.725,rest,compatible,rest,unrun,unresolved,unrun,unresolved,unrun,unresolved,unrun,unresolved
8.5,0.85,active,compatible,rest,unrun,unresolved,unrun,unresolved,unrun,unresolved,unrun,unresolved
8.5,0.85,rest,compatible,rest,unrun,unresolved,unrun,unresolved,unrun,unresolved,unrun,unresolved
8.5,0.975,active,compatible,rest,unrun,unresolved,unrun,unresolved,unrun,unresolved,unrun,unresolved
8.5,0.975,rest,compatible,rest,unrun,unresolved,unrun,unresolved,unrun,unresolved,unrun,unresolved
8.5,1.1,active,compatible,rest,unrun,unresolved,unrun,unresolved,unrun,unresolved,unrun,unresolved
8.5,1.1,rest,compatible,rest,unrun,unresolved,unrun,unresolved,unrun,unresolved,unrun,unresolved
8.5,1.1625,active,compatible,rest,unrun,unresolved,unrun,unresolved,unrun,unresolved,unrun,unresolved
8.5,1.1625,rest,compatible,rest,unrun,unresolved,unrun,unresolved,unrun,unresolved,unrun,unresolved
8.5,1.225,active,compatible,rest,unrun,unresolved,unrun,unresolved,unrun,unresolved,unrun,unresolved
8.5,1.225,rest,compatible,rest,unrun,unresolved,unrun,unresolved,unrun,unresolved,unrun,unresolved
8.5,1.22890625,active,compatible,rest,unrun,unresolved,unrun,unresolved,unrun,unresolved,unrun,unresolved
8.5,1.22890625,rest,compatible,rest,unrun,unresolved,unrun,unresolved,unrun,unresolved,unrun,unresolved
8.5,1.2328125,active,compatible,herald,compatible,herald,compatible,herald,compatible,active,compatible,active
8.5,1.2328125,rest,compatible,herald,compatible,herald,compatible,herald,compatible,active,compatible,active
8.5,1.23671875,active,compatible,herald,compatible,herald,compatible,herald,compatible,active,compatible,active
8.5,1.23671875,rest,compatible,herald,compatible,herald,compatible,herald,compatible,active,compatible,active
8.5,1.240625,active,compatible,herald,compatible,herald,compatible,herald,compatible,active,compatible,active
8.5,1.240625,rest,compatible,herald,compatible,herald,compatible,herald,compatible,active,compatible,active
8.5,1.2484375,active,compatible,herald,compatible,herald,compatible,herald,compatible,active,compatible,active
8.5,1.2484375,rest,compatible,herald,compatible,herald,compatible,herald,compatible,active,compatible,active
8.5,1.25625,active,compatible,herald,compatible,herald,compatible,herald,compatible,active,compatible,active
8.5,1.25625,rest,compatible,herald,compatible,herald,compatible,herald,compatible,active,compatible,active
8.5,1.271875,active,compatible,herald,compatible,herald,compatible,herald,compatible,active,compatible,active
8.5,1.271875,rest,compatible,herald,compatible,herald,compatible,herald,compatible,active,compatible,active
8.5,1.2875,active,compatible,herald,compatible,herald,compatible,herald,compatible,active,compatible,active
8.5,1.2875,rest,compatible,herald,compatible,herald,compatible,herald,compatible,active,compatible,active
8.5,1.31875,active,compatible,herald,compatible,herald,compatible,herald,compatible,active,compatible,active
8.5,1.31875,rest,compatible,herald,compatible,herald,compatible,herald,compatible,active,compatible,active
8.5,1.35,active,compatible,herald,compatible,herald,compatible,herald,compatible,active,compatible,active
8.5,1.35,rest,compatible,herald,compatible,herald,compatible,herald,compatible,active,compatible,active
8.5,1.475,active,compatible,herald,compatible,herald,compatible,herald,compatible,active,compatible,active
8.5,1.475,rest,compatible,herald,compatible,herald,compatible,herald,compatible,active,compatible,active
8.5,1.6,active,compatible,herald,compatible,herald,compatible,herald,compatible,active,compatible,active
8.5,1.6,rest,compatible,herald,compatible,herald,compatible,herald,compatible,active,compatible,active
8.5,1.725,active,compatible,herald,compatible,herald,compatible,herald,compatible,active,compatible,active
8.5,1.725,rest,compatible,herald,compatible,herald,compatible,herald,compatible,active,compatible,active
8.5,1.85,active,compatible,herald,compatible,herald,compatible,herald,compatible,active,compatible,active
8.5,1.85,rest,compatible,herald,compatible,herald,compatible,herald,compatible,active,compatible,active
8.5,1.975,active,compatible,herald,compatible,herald,compatible,herald,compatible,active,compatible,active
8.5,1.975,rest,compatible,herald,compatible,herald,compatible,herald,compatible,active,compatible,active
8.5,2.1,active,compatible,herald,compatible,herald,compatible,herald,compatible,active,compatible,active
8.5,2.1,rest,compatible,herald,compatible,herald,compatible,herald,compatible,active,compatible,active
8.5,2.225,active,compatible,herald,compatible,herald,compatible,herald,compatible,active,compatible,active
8.5,2.225,rest,compatible,herald,compatible,herald,compatible,herald,compatible,active,compatible,active
8.5,2.35,active,compatible,herald,compatible,herald,compatible,herald,compatible,active,compatible,active
8.5,2.35,rest,compatible,herald,compatible,herald,compatible,herald,compatible,active,compatible,active
8.5,2.475,active,compatible,herald,compatible,herald,compatible,herald,compatible,active,compatible,active
8.5,2.475,rest,compatible,herald,compatible,herald,compatible,herald,compatible,active,compatible,active
8.5,2.6,active,compatible,herald,compatible,herald,compatible,herald,compatible,active,compatible,active
8.5,2.6,rest,compatible,herald,compatible,herald,compatible,herald,compatible,active,compatible,active
8.5,2.725,active,compatible,herald,compatible,herald,compatible,herald,compatible,active,compatible,active
8.5,2.725,rest,compatible,herald,compatible,herald,compatible,herald,compatible,active,compatible,active
8.5,2.85,active,compatible,herald,compatible,herald,compatible,herald,compatible,active,compatible,active
8.5,2.85,rest,compatible,herald,compatible,herald,compatible,herald,compatible,active,compatible,active
8.5,2.975,active,compatible,herald,compatible,herald,compatible,herald,compatible,active,compatible,active
8.5,2.975,rest,compatible,herald,compatible,herald,compatible,herald,compatible,active,compatible,active
8.5,3.1,active,compatible,herald,compatible,herald,compatible,herald,compatible,active,compatible,active
8.5,3.1,rest,compatible,herald,compatible,herald,compatible,herald,compatible,active,compatible,active
8.5,3.225,active,compatible,herald,compatible,herald,compatible,herald,compatible,active,compatible,active
8.5,3.225,rest,compatible,herald,compatible,herald,compatible,herald,compatible,active,compatible,active
8.5,3.35,active,compatible,herald,compatible,herald,compatible,herald,compatible,active,compatible,active
8.5,3.35,rest,compatible,herald,compatible,herald,compatible,herald,compatible,active,compatible,active
8.5,3.475,active,compatible,herald,compatible,herald,compatible,herald,compatible,active,compatible,active
8.5,3.475,rest,compatible,herald,compatible,herald,compatible,herald,compatible,active,compatible,active
8.5,3.6,active,compatible,herald,compatible,herald,compatible,herald,compatible,active,compatible,active
8.5,3.6,rest,compatible,herald,compatible,herald,compatible,herald,compatible,active,compatible,active
8.5,3.725,active,compatible,herald,compatible,herald,compatible,herald,compatible,active,compatible,active
8.5,3.725,rest,compatible,herald,compatible,herald,compatible,herald,compatible,active,compatible,active
8.5,3.85,active,compatible,herald,compatible,herald,compatible,herald,compatible,active,compatible,active
8.5,3.85,rest,compatible,herald,compatible,herald,compatible,herald,compatible,active,compatible,active
8.5,3.975,active,compatible,herald,compatible,herald,compatible,herald,compatible,active,compatible,active
8.5,3.975,rest,compatible,herald,compatible,herald,compatible,herald,compatible,active,compatible,active
8.5,4.1,active,compatible,herald,compatible,herald,compatible,herald,compatible,active,compatible,active
8.5,4.1,rest,compatible,herald,compatible,herald,compatible,herald,compatible,active,compatible,active
8.5,4.225,active,compatible,herald,compatible,herald,compatible,herald,compatible,active,compatible,active
8.5,4.225,rest,compatible,herald,compatible,herald,compatible,herald,compatible,active,compatible,active
8.5,4.35,active,compatible,herald,compatible,herald,compatible,herald,compatible,active,compatible,active
8.5,4.35,rest,compatible,herald,compatible,herald,compatible,herald,compatible,active,compatible,active
8.5,4.475,active,compatible,herald,compatible,herald,compatible,herald,compatible,active,compatible,active
8.5,4.475,rest,compatible,herald,compatible,herald,compatible,herald,compatible,active,compatible,active
8.5,4.6,active,compatible,herald,compatible,herald,compatible,herald,compatible,active,compatible,active
8.5,4.6,rest,compatible,herald,compatible,herald,compatible,herald,compatible,active,compatible,active
8.5,4.725,active,compatible,herald,compatible,herald,compatible,herald,compatible,active,compatible,active
8.5,4.725,rest,compatible,herald,compatible,herald,compatible,herald,compatible,active,compatible,active
8.5,4.85,active,compatible,herald,compatible,herald,compatible,herald,compatible,active,compatible,active
8.5,4.85,rest,compatible,herald,compatible,herald,compatible,herald,compatible,active,compatible,active
8.5,4.975,active,compatible,herald,compatible,herald,compatible,herald,compatible,active,compatible,active
8.5,4.975,rest,compatible,herald,compatible,herald,compatible,herald,compatible,active,compatible,active
8.5,5.1,active,compatible,herald,compatible,herald,compatible,herald,compatible,active,compatible,active
8.5,5.1,rest,compatible,herald,compatible,herald,compatible,herald,compatible,active,compatible,active
8.5,5.225,active,compatible,herald,compatible,herald,compatible,herald,compatible,active,compatible,active
8.5,5.225,rest,compatible,herald,compatible,herald,compatible,herald,compatible,active,compatible,active
8.5,5.35,active,compatible,herald,compatible,herald,compatible,herald,compatible,active,compatible,active
8.5,5.35,rest,compatible,herald,compatible,herald,compatible,herald,compatible,active,compatible,active
8.5,5.475,active,compatible,herald,compatible,herald,compatible,herald,compatible,active,compatible,active
8.5,5.475,rest,compatible,herald,compatible,herald,compatible,herald,compatible,active,compatible,active
8.5,5.6,active,compatible,herald,compatible,herald,compatible,herald,compatible,active,compatible,active
8.5,5.6,rest,compatible,herald,compatible,herald,compatible,herald,compatible,active,compatible,active
8.5,5.725,active,compatible,herald,compatible,herald,compatible,herald,compatible,active,compatible,active
8.5,5.725,rest,compatible,herald,compatible,herald,compatible,herald,compatible,active,compatible,active
8.5,5.85,active,compatible,herald,compatible,herald,compatible,herald,compatible,active,compatible,active
8.5,5.85,rest,compatible,herald,compatible,herald,compatible,herald,compatible,active,compatible,active
8.5,5.975,active,compatible,herald,compatible,herald,compatible,herald,compatible,active,compatible,active
8.5,5.975,rest,compatible,herald,compatible,herald,compatible,herald,compatible,active,compatible,active
8.5,6.1,active,compatible,herald,compatible,herald,compatible,herald,compatible,active,compatible,active
8.5,6.1,rest,compatible,herald,compatible,herald,compatible,herald,compatible,active,compatible,active
8.5,6.225,active,compatible,herald,compatible,herald,compatible,herald,compatible,active,compatible,active
8.5,6.225,rest,compatible,herald,compatible,herald,compatible,herald,compatible,active,compatible,active
8.5,6.35,active,compatible,herald,compatible,herald,compatible,herald,compatible,active,compatible,active
8.5,6.35,rest,compatible,herald,compatible,herald,compatible,herald,compatible,active,compatible,active
8.5,6.475,active,compatible,herald,compatible,herald,compatible,herald,compatible,active,compatible,active
8.5,6.475,rest,compatible,herald,compatible,herald,compatible,herald,compatible,active,compatible,active
8.5,6.6,active,compatible,herald,compatible,herald,compatible,herald,compatible,active,compatible,active
8.5,6.6,rest,compatible,herald,compatible,herald,compatible,herald,compatible,active,compatible,active
8.5,6.725,active,compatible,herald,compatible,herald,compatible,herald,compatible,active,compatible,active
8.5,6.725,rest,compatible,herald,compatible,herald,compatible,herald,compatible,active,compatible,active
8.5,6.85,active,compatible,herald,compatible,herald,compatible,herald,compatible,active,compatible,active
8.5,6.85,rest,compatible,herald,compatible,herald,compatible,herald,compatible,active,compatible,active
8.5,6.975,active,compatible,herald,compatible,herald,compatible,herald,compatible,active,compatible,active
8.5,6.975,rest,compatible,herald,compatible,herald,compatible,herald,compatible,active,compatible,active
8.5,7.1,active,compatible,herald,compatible,herald,compatible,herald,compatible,active,compatible,active
8.5,7.1,rest,compatible,herald,compatible,herald,compatible,herald,compatible,active,compatible,active
8.5,7.225,active,compatible,herald,compatible,herald,compatible,herald,compatible,active,compatible,active
8.5,7.225,rest,compatible,herald,compatible,herald,compatible,herald,compatible,active,compatible,active
8.5,7.35,active,compatible,herald,compatible,herald,compatible,herald,compatible,active,compatible,active
8.5,7.35,rest,compatible,herald,compatible,herald,compatible,herald,compatible,active,compatible,active
8.5,7.475,active,compatible,herald,compatible,herald,compatible,herald,compatible,active,compatible,active
8.5,7.475,rest,compatible,herald,compatible,herald,compatible,herald,compatible,active,compatible,active
8.5,7.6,active,compatible,herald,compatible,herald,compatible,herald,compatible,active,compatible,active
8.5,7.6,rest,compatible,herald,compatible,herald,compatible,herald,compatible,active,compatible,active
8.5,7.725,active,compatible,herald,compatible,herald,compatible,herald,compatible,active,compatible,active
8.5,7.725,rest,compatible,herald,compatible,herald,compatible,herald,compatible,active,compatible,active
8.5,7.85,active,compatible,herald,compatible,herald,compatible,herald,compatible,active,compatible,active
8.5,7.85,rest,compatible,herald,compatible,herald,compatible,herald,compatible,active,compatible,active
8.5,7.925,active,compatible,herald,compatible,herald,compatible,herald,compatible,active,compatible,active
8.5,7.925,rest,compatible,herald,compatible,herald,compatible,herald,compatible,active,compatible,active
8.5,8.0,active,compatible,herald,compatible,herald,compatible,herald,compatible,active,compatible,active
8.5,8.0,rest,compatible,herald,compatible,herald,compatible,herald,compatible,active,compatible,active
8.5,8.125,active,compatible,herald,compatible,herald,compatible,herald,compatible,active,compatible,active
8.5,8.125,rest,compatible,herald,compatible,herald,compatible,herald,compatible,active,compatible,active
8.5,8.25,active,compatible,herald,compatible,herald,compatible,herald,compatible,active,compatible,active
8.5,8.25,rest,compatible,herald,compatible,herald,compatible,herald,compatible,active,compatible,active
8.5,8.375,active,compatible,herald,compatible,herald,compatible,herald,compatible,active,compatible,active
8.5,8.375,rest,compatible,herald,compatible,herald,compatible,herald,compatible,active,compatible,active
8.5,8.5,active,compatible,herald,compatible,herald,compatible,herald,compatible,active,compatible,active
8.5,8.5,rest,compatible,herald,compatible,herald,compatible,herald,compatible,active,compatible,active
8.5,8.625,active,compatible,herald,compatible,herald,compatible,herald,compatible,active,compatible,active
8.5,8.625,rest,compatible,herald,compatible,herald,compatible,herald,compatible,active,compatible,active
8.5,8.75,active,compatible,herald,compatible,herald,compatible,herald,compatible,active,compatible,active
8.5,8.75,rest,compatible,herald,compatible,herald,compatible,herald,compatible,active,compatible,active
8.5,8.875,active,compatible,herald,compatible,herald,compatible,herald,compatible,active,compatible,active
8.5,8.875,rest,compatible,herald,compatible,herald,compatible,herald,compatible,active,compatible,active
8.5,9.0,active,compatible,herald,compatible,herald,compatible,herald,compatible,active,compatible,active
8.5,9.0,rest,compatible,herald,compatible,herald,compatible,herald,compatible,active,compatible,active
8.5,9.125,active,compatible,herald,compatible,herald,compatible,herald,compatible,active,compatible,active
8.5,9.125,rest,compatible,herald,compatible,herald,compatible,herald,compatible,active,compatible,active
8.5,9.25,active,compatible,herald,compatible,herald,compatible,herald,compatible,active,compatible,active
8.5,9.25,rest,compatible,herald,compatible,herald,compatible,herald,compatible,active,compatible,active
8.5,9.375,active,compatible,herald,compatible,herald,compatible,herald,compatible,active,compatible,active
8.5,9.375,rest,compatible,herald,compatible,herald,compatible,herald,compatible,active,compatible,active
8.5,9.5,active,compatible,herald,compatible,herald,compatible,herald,compatible,active,compatible,active
8.5,9.5,rest,compatible,herald,compatible,herald,compatible,herald,compatible,active,compatible,active
8.5,9.625,active,compatible,herald,compatible,herald,compatible,herald,compatible,active,compatible,active
8.5,9.625,rest,compatible,herald,compatible,herald,compatible,herald,compatible,active,compatible,active
8.5,9.75,active,compatible,herald,compatible,herald,compatible,herald,compatible,active,compatible,active
8.5,9.75,rest,compatible,herald,compatible,herald,compatible,herald,compatible,active,compatible,active
8.5,9.875,active,compatible,herald,compatible,herald,compatible,herald,compatible,active,compatible,active
8.5,9.875,rest,compatible,herald,compatible,herald,compatible,herald,compatible,active,compatible,active
8.5,10.0,active,compatible,herald,compatible,herald,compatible,herald,compatible,active,compatible,active
8.5,10.0,rest,compatible,herald,compatible,herald,compatible,herald,compatible,active,compatible,active
8.5,10.125,active,compatible,herald,compatible,herald,compatible,herald,compatible,active,compatible,active
8.5,10.125,rest,compatible,herald,compatible,herald,compatible,herald,compatible,active,compatible,active
8.5,10.25,active,compatible,herald,compatible,herald,compatible,herald,compatible,active,compatible,active
8.5,10.25,rest,compatible,herald,compatible,herald,compatible,herald,compatible,active,compatible,active
8.5,10.375,active,compatible,herald,compatible,herald,compatible,herald,compatible,active,compatible,active
8.5,10.375,rest,compatible,herald,compatible,herald,compatible,herald,compatible,active,compatible,active
8.5,10.5,active,compatible,herald,compatible,herald,compatible,herald,compatible,active,compatible,active
8.5,10.5,rest,compatible,herald,compatible,herald,compatible,herald,compatible,active,compatible,active
8.5,10.625,active,compatible,herald,compatible,herald,compatible,herald,compatible,active,compatible,active
8.5,10.625,rest,compatible,herald,compatible,herald,compatible,herald,compatible,active,compatible,active
8.5,10.75,active,compatible,herald,compatible,herald,compatible,herald,compatible,active,compatible,active
8.5,10.75,rest,compatible,herald,compatible,herald,compatible,herald,compatible,active,compatible,active
8.5,10.875,active,compatible,herald,compatible,herald,compatible,herald,compatible,active,compatible,active
8.5,10.875,rest,compatible,herald,compatible,herald,compatible,herald,compatible,active,compatible,active
8.5,11.0,active,compatible,herald,compatible,herald,compatible,herald,compatible,active,compatible,active
8.5,11.0,rest,compatible,herald,compatible,herald,compatible,herald,compatible,active,compatible,active
8.5,11.125,active,compatible,herald,compatible,herald,compatible,herald,compatible,active,compatible,active
8.5,11.125,rest,compatible,herald,compatible,herald,compatible,herald,compatible,active,compatible,active
8.5,11.25,active,compatible,herald,compatible,herald,compatible,herald,compatible,active,compatible,active
8.5,11.25,rest,compatible,herald,compatible,herald,compatible,herald,compatible,active,compatible,active
8.5,11.375,active,compatible,herald,compatible,herald,compatible,herald,compatible,active,compatible,active
8.5,11.375,rest,compatible,herald,compatible,herald,compatible,herald,compatible,active,compatible,active
8.5,11.5,active,compatible,herald,compatible,herald,compatible,herald,compatible,active,compatible,active
8.5,11.5,rest,compatible,herald,compatible,herald,compatible,herald,compatible,active,compatible,active
8.5,11.625,active,compatible,herald,compatible,herald,compatible,herald,compatible,active,compatible,active
8.5,11.625,rest,compatible,herald,compatible,herald,compatible,herald,compatible,active,compatible,active
8.5,11.75,active,compatible,herald,compatible,herald,compatible,herald,compatible,active,compatible,active
8.5,11.75,rest,compatible,herald,compatible,herald,compatible,herald,compatible,active,compatible,active
8.5,11.875,active,compatible,herald,compatible,herald,compatible,herald,compatible,active,compatible,active
8.5,11.875,rest,compatible,herald,compatible,herald,compatible,herald,compatible,active,compatible,active
8.5,12.0,active,compatible,herald,compatible,herald,compatible,herald,compatible,active,compatible,active
8.5,12.0,rest,compatible,herald,compatible,herald,compatible,herald,compatible,active,compatible,active
8.5,12.125,active,compatible,herald,compatible,herald,compatible,herald,compatible,active,compatible,active
8.5,12.125,rest,compatible,herald,compatible,herald,compatible,herald,compatible,active,compatible,active
8.5,12.25,active,compatible,herald,compatible,herald,compatible,herald,compatible,active,compatible,active
8.5,12.25,rest,compatible,herald,compatible,herald,compatible,herald,compatible,active,compatible,active
8.5,12.375,active,compatible,herald,compatible,herald,compatible,herald,compatible,active,compatible,active
8.5,12.375,rest,compatible,herald,compatible,herald,compatible,herald,compatible,active,compatible,active
8.5,12.5,active,compatible,herald,compatible,herald,compatible,herald,compatible,active,compatible,active
8.5,12.5,rest,compatible,herald,compatible,herald,compatible,herald,compatible,active,compatible,active
8.5,12.625,active,compatible,herald,compatible,herald,compatible,herald,compatible,active,compatible,active
8.5,12.625,rest,compatible,herald,compatible,herald,compatible,herald,compatible,active,compatible,active
8.5,12.75,active,compatible,herald,compatible,herald,compatible,herald,compatible,active,compatible,active
8.5,12.75,rest,compatible,herald,compatible,herald,compatible,herald,compatible,active,compatible,active
8.5,12.875,active,compatible,herald,compatible,herald,compatible,herald,compatible,active,compatible,active
8.5,12.875,rest,compatible,herald,compatible,herald,compatible,herald,compatible,active,compatible,active
8.5,13.0,active,compatible,herald,compatible,herald,compatible,herald,compatible,active,compatible,active
8.5,13.0,rest,compatible,herald,compatible,herald,compatible,herald,compatible,active,compatible,active
8.5,13.125,active,compatible,herald,compatible,herald,compatible,herald,compatible,active,compatible,active
8.5,13.125,rest,compatible,herald,compatible,herald,compatible,herald,compatible,active,compatible,active
8.5,13.25,active,compatible,herald,compatible,herald,compatible,herald,compatible,active,compatible,active
8.5,13.25,rest,compatible,herald,compatible,herald,compatible,herald,compatible,active,compatible,active
8.5,13.375,active,compatible,herald,compatible,herald,compatible,herald,compatible,active,compatible,active
8.5,13.375,rest,compatible,herald,compatible,herald,compatible,herald,compatible,active,compatible,active
8.5,13.5,active,compatible,herald,compatible,herald,compatible,herald,compatible,active,compatible,active
8.5,13.5,rest,compatible,herald,compatible,herald,compatible,herald,compatible,active,compatible,active
8.5,13.625,active,compatible,herald,compatible,herald,compatible,herald,compatible,active,compatible,active
8.5,13.625,rest,compatible,herald,compatible,herald,compatible,herald,compatible,active,compatible,active
8.5,13.75,active,compatible,herald,compatible,herald,compatible,herald,compatible,active,compatible,active
8.5,13.75,rest,compatible,herald,compatible,herald,compatible,herald,compatible,active,compatible,active
8.5,13.875,active,compatible,herald,compatible,herald,compatible,herald,compatible,active,compatible,active
8.5,13.875,rest,compatible,herald,compatible,herald,compatible,herald,compatible,active,compatible,active
8.5,14.0,active,compatible,herald,compatible,herald,compatible,herald,compatible,active,compatible,active
8.5,14.0,rest,compatible,herald,compatible,herald,compatible,herald,compatible,active,compatible,active
8.5,14.125,active,compatible,herald,compatible,herald,compatible,herald,compatible,active,compatible,active
8.5,14.125,rest,compatible,herald,compatible,herald,compatible,herald,compatible,active,compatible,active
8.5,14.25,active,compatible,herald,compatible,herald,compatible,herald,compatible,active,compatible,active
8.5,14.25,rest,compatible,herald,compatible,herald,compatible,herald,compatible,active,compatible,active
8.5,14.375,active,compatible,herald,compatible,herald,compatible,herald,compatible,active,compatible,active
8.5,14.375,rest,compatible,herald,compatible,herald,compatible,herald,compatible,active,compatible,active
8.5,14.5,active,compatible,herald,compatible,herald,compatible,herald,compatible,active,compatible,active
8.5,14.5,rest,compatible,herald,compatible,herald,compatible,herald,compatible,active,compatible,active
8.5,14.625,active,compatible,herald,compatible,herald,compatible,herald,compatible,active,compatible,active
8.5,14.625,rest,compatible,herald,compatible,herald,compatible,herald,compatible,active,compatible,active
8.5,14.75,active,compatible,herald,compatible,herald,compatible,herald,compatible,active,compatible,active
8.5,14.75,rest,compatible,herald,compatible,herald,compatible,herald,compatible,active,compatible,active
8.5,14.875,active,compatible,herald,compatible,herald,compatible,herald,compatible,active,compatible,active
8.5,14.875,rest,compatible,herald,compatible,herald,compatible,herald,compatible,active,compatible,active
8.5,15.0,active,compatible,herald,compatible,herald,compatible,herald,compatible,active,compatible,active
8.5,15.0,rest,compatible,herald,compatible,herald,compatible,herald,compatible,active,compatible,active
8.5,15.125,active,compatible,herald,compatible,herald,compatible,herald,compatible,active,compatible,active
8.5,15.125,rest,compatible,herald,compatible,herald,compatible,herald,compatible,active,compatible,active
8.5,15.25,active,compatible,herald,compatible,herald,compatible,herald,compatible,active,compatible,active
8.5,15.25,rest,compatible,herald,compatible,herald,compatible,herald,compatible,active,compatible,active
8.5,15.375,active,compatible,herald,compatible,herald,compatible,herald,compatible,active,compatible,active
8.5,15.375,rest,compatible,herald,compatible,herald,compatible,herald,compatible,active,compatible,active
8.5,15.5,active,compatible,herald,compatible,herald,compatible,herald,compatible,active,compatible,active
8.5,15.5,rest,compatible,herald,compatible,herald,compatible,herald,compatible,active,compatible,active
8.5,15.625,active,compatible,herald,compatible,herald,compatible,herald,compatible,active,compatible,active
8.5,15.625,rest,compatible,herald,compatible,herald,compatible,herald,compatible,active,compatible,active
8.5,15.75,active,compatible,herald,compatible,herald,compatible,herald,compatible,active,compatible,active
8.5,15.75,rest,compatible,herald,compatible,herald,compatible,herald,compatible,active,compatible,active
8.5,15.875,active,compatible,herald,compatible,herald,compatible,herald,compatible,active,compatible,active
8.5,15.875,rest,compatible,herald,compatible,herald,compatible,herald,compatible,active,compatible,active
8.5,16.0,active,compatible,herald,compatible,herald,compatible,herald,compatible,active,compatible,active
8.5,16.0,rest,compatible,herald,compatible,herald,compatible,herald,compatible,active,compatible,active
8.75,0.35,active,compatible,active,unrun,unresolved,unrun,unresolved,unrun,unresolved,unrun,unresolved
8.75,0.35,rest,compatible,rest,unrun,unresolved,unrun,unresolved,unrun,unresolved,unrun,unresolved
8.75,0.38125,active,compatible,active,unrun,unresolved,unrun,unresolved,unrun,unresolved,unrun,unresolved
8.75,0.38125,rest,compatible,rest,unrun,unresolved,unrun,unresolved,unrun,unresolved,unrun,unresolved
8.75,0.4125,active,compatible,active,unrun,unresolved,unrun,unresolved,unrun,unresolved,unrun,unresolved
8.75,0.4125,rest,compatible,rest,unrun,unresolved,unrun,unresolved,unrun,unresolved,unrun,unresolved
8.75,0.41640625,active,compatible,active,unrun,unresolved,unrun,unresolved,unrun,unresolved,unrun,unresolved
8.75,0.41640625,rest,compatible,active,unrun,unresolved,unrun,unresolved,unrun,unresolved,unrun,unresolved
8.75,0.4203125,active,compatible,active,unrun,unresolved,unrun,unresolved,unrun,unresolved,unrun,unresolved
8.75,0.4203125,rest,compatible,active,unrun,unresolved,unrun,unresolved,unrun,unresolved,unrun,unresolved
8.75,0.42421875,active,compatible,active,unrun,unresolved,unrun,unresolved,unrun,unresolved,unrun,unresolved
8.75,0.42421875,rest,compatible,active,unrun,unresolved,unrun,unresolved,unrun,unresolved,unrun,unresolved
8.75,0.428125,active,compatible,active,unrun,unresolved,unrun,unresolved,unrun,unresolved,unrun,unresolved
8.75,0.428125,rest,compatible,active,unrun,unresolved,unrun,unresolved,unrun,unresolved,unrun,unresolved
8.75,0.4359375,active,compatible,active,unrun,unresolved,unrun,unresolved,unrun,unresolved,unrun,unresolved
8.75,0.4359375,rest,compatible,active,unrun,unresolved,unrun,unresolved,unrun,unresolved,unrun,unresolved
8.75,0.44375,active,compatible,active,unrun,unresolved,unrun,unresolved,unrun,unresolved,unrun,unresolved
8.75,0.44375,rest,compatible,active,unrun,unresolved,unrun,unresolved,unrun,unresolved,unrun,unresolved
8.75,0.459375,active,compatible,active,unrun,unresolved,unrun,unresolved,unrun,unresolved,unrun,unresolved
8.75,0.459375,rest,compatible,active,unrun,unresolved,unrun,unresolved,unrun,unresolved,unrun,unresolved
8.75,0.475,active,compatible,active,unrun,unresolved,unrun,unresolved,unrun,unresolved,unrun,unresolved
8.75,0.475,rest,compatible,active,unrun,unresolved,unrun,unresolved,unrun,unresolved,unrun,unresolved
8.75,0.5375,active,compatible,active,unrun,unresolved,unrun,unresolved,unrun,unresolved,unrun,unresolved
8.75,0.5375,rest,compatible,active,unrun,unresolved,unrun,unresolved,unrun,unresolved,unrun,unresolved
8.75,0.6,active,compatible,active,unrun,unresolved,unrun,unresolved,unrun,unresolved,unrun,unresolved
8.75,0.6,rest,compatible,active,unrun,unresolved,unrun,unresolved,unrun,unresolved,unrun,unresolved
8.75,0.725,active,compatible,active,unrun,unresolved,unrun,unresolved,unrun,unresolved,unrun,unresolved
8.75,0.725,rest,compatible,active,unrun,unresolved,unrun,unresolved,unrun,unresolved,unrun,unresolved
8.75,0.85,active,compatible,active,unrun,unresolved,unrun,unresolved,unrun,unresolved,unrun,unresolved
8.75,0.85,rest,compatible,active,unrun,unresolved,unrun,unresolved,unrun,unresolved,unrun,unresolved
8.75,0.975,active,compatible,active,unrun,unresolved,unrun,unresolved,unrun,unresolved,unrun,unresolved
8.75,0.975,rest,compatible,active,unrun,unresolved,unrun,unresolved,unrun,unresolved,unrun,unresolved
8.75,1.1,active,compatible,active,unrun,unresolved,unrun,unresolved,unrun,unresolved,unrun,unresolved
8.75,1.1,rest,compatible,active,unrun,unresolved,unrun,unresolved,unrun,unresolved,unrun,unresolved
8.75,1.1625,active,compatible,active,unrun,unresolved,unrun,unresolved,unrun,unresolved,unrun,unresolved
8.75,1.1625,rest,compatible,active,unrun,unresolved,unrun,unresolved,unrun,unresolved,unrun,unresolved
8.75,1.225,active,compatible,active,unrun,unresolved,unrun,unresolved,unrun,unresolved,unrun,unresolved
8.75,1.225,rest,compatible,active,unrun,unresolved,unrun,unresolved,unrun,unresolved,unrun,unresolved
8.75,1.22890625,active,compatible,active,unrun,unresolved,unrun,unresolved,unrun,unresolved,unrun,unresolved
8.75,1.22890625,rest,compatible,active,unrun,unresolved,unrun,unresolved,unrun,unresolved,unrun,unresolved
8.75,1.2328125,active,compatible,herald,compatible,herald,compatible,herald,compatible,active,compatible,active
8.75,1.2328125,rest,compatible,herald,compatible,herald,compatible,herald,compatible,active,compatible,active
8.75,1.23671875,active,compatible,herald,compatible,herald,compatible,herald,compatible,active,compatible,active
8.75,1.23671875,rest,compatible,herald,compatible,herald,compatible,herald,compatible,active,compatible,active
8.75,1.240625,active,compatible,herald,compatible,herald,compatible,herald,compatible,active,compatible,active
8.75,1.240625,rest,compatible,herald,compatible,herald,compatible,herald,compatible,active,compatible,active
8.75,1.2484375,active,compatible,herald,compatible,herald,compatible,herald,compatible,active,compatible,active
8.75,1.2484375,rest,compatible,herald,compatible,herald,compatible,herald,compatible,active,compatible,active
8.75,1.25625,active,compatible,herald,compatible,herald,compatible,herald,compatible,active,compatible,active
8.75,1.25625,rest,compatible,herald,compatible,herald,compatible,herald,compatible,active,compatible,active
8.75,1.271875,active,compatible,herald,compatible,herald,compatible,herald,compatible,active,compatible,active
8.75,1.271875,rest,compatible,herald,compatible,herald,compatible,herald,compatible,active,compatible,active
8.75,1.2875,active,compatible,herald,compatible,herald,compatible,herald,compatible,active,compatible,active
8.75,1.2875,rest,compatible,herald,compatible,herald,compatible,herald,compatible,active,compatible,active
8.75,1.31875,active,compatible,herald,compatible,herald,compatible,herald,compatible,active,compatible,active
8.75,1.31875,rest,compatible,herald,compatible,herald,compatible,herald,compatible,active,compatible,active
8.75,1.35,active,compatible,herald,compatible,herald,compatible,herald,compatible,active,compatible,active
8.75,1.35,rest,compatible,herald,compatible,herald,compatible,herald,compatible,active,compatible,active
8.75,1.475,active,compatible,herald,compatible,herald,compatible,herald,compatible,active,compatible,active
8.75,1.475,rest,compatible,herald,compatible,herald,compatible,herald,compatible,active,compatible,active
8.75,1.6,active,compatible,herald,compatible,herald,compatible,herald,compatible,active,compatible,active
8.75,1.6,rest,compatible,herald,compatible,herald,compatible,herald,compatible,active,compatible,active
8.75,1.725,active,compatible,herald,compatible,herald,compatible,herald,compatible,active,compatible,active
8.75,1.725,rest,compatible,herald,compatible,herald,compatible,herald,compatible,active,compatible,active
8.75,1.85,active,compatible,herald,compatible,herald,compatible,herald,compatible,active,compatible,active
8.75,1.85,rest,compatible,herald,compatible,herald,compatible,herald,compatible,active,compatible,active
8.75,1.975,active,compatible,herald,compatible,herald,compatible,herald,compatible,active,compatible,active
8.75,1.975,rest,compatible,herald,compatible,herald,compatible,herald,compatible,active,compatible,active
8.75,2.1,active,compatible,herald,compatible,herald,compatible,herald,compatible,active,compatible,active
8.75,2.1,rest,compatible,herald,compatible,herald,compatible,herald,compatible,active,compatible,active
8.75,2.225,active,compatible,herald,compatible,herald,compatible,herald,compatible,active,compatible,active
8.75,2.225,rest,compatible,herald,compatible,herald,compatible,herald,compatible,active,compatible,active
8.75,2.35,active,compatible,herald,compatible,herald,compatible,herald,compatible,active,compatible,active
8.75,2.35,rest,compatible,herald,compatible,herald,compatible,herald,compatible,active,compatible,active
8.75,2.475,active,compatible,herald,compatible,herald,compatible,herald,compatible,active,compatible,active
8.75,2.475,rest,compatible,herald,compatible,herald,compatible,herald,compatible,active,compatible,active
8.75,2.6,active,compatible,herald,compatible,herald,compatible,herald,compatible,active,compatible,active
8.75,2.6,rest,compatible,herald,compatible,herald,compatible,herald,compatible,active,compatible,active
8.75,2.725,active,compatible,herald,compatible,herald,compatible,herald,compatible,active,compatible,active
8.75,2.725,rest,compatible,herald,compatible,herald,compatible,herald,compatible,active,compatible,active
8.75,2.85,active,compatible,herald,compatible,herald,compatible,herald,compatible,active,compatible,active
8.75,2.85,rest,compatible,herald,compatible,herald,compatible,herald,compatible,active,compatible,active
8.75,2.975,active,compatible,herald,compatible,herald,compatible,herald,compatible,active,compatible,active
8.75,2.975,rest,compatible,herald,compatible,herald,compatible,herald,compatible,active,compatible,active
8.75,3.1,active,compatible,herald,compatible,herald,compatible,herald,compatible,active,compatible,active
8.75,3.1,rest,compatible,herald,compatible,herald,compatible,herald,compatible,active,compatible,active
8.75,3.225,active,compatible,herald,compatible,herald,compatible,herald,compatible,active,compatible,active
8.75,3.225,rest,compatible,herald,compatible,herald,compatible,herald,compatible,active,compatible,active
8.75,3.35,active,compatible,herald,compatible,herald,compatible,herald,compatible,active,compatible,active
8.75,3.35,rest,compatible,herald,compatible,herald,compatible,herald,compatible,active,compatible,active
8.75,3.475,active,compatible,herald,compatible,herald,compatible,herald,compatible,active,compatible,active
8.75,3.475,rest,compatible,herald,compatible,herald,compatible,herald,compatible,active,compatible,active
8.75,3.6,active,compatible,herald,compatible,herald,compatible,herald,compatible,active,compatible,active
8.75,3.6,rest,compatible,herald,compatible,herald,compatible,herald,compatible,active,compatible,active
8.75,3.725,active,compatible,herald,compatible,herald,compatible,herald,compatible,active,compatible,active
8.75,3.725,rest,compatible,herald,compatible,herald,compatible,herald,compatible,active,compatible,active
8.75,3.85,active,compatible,herald,compatible,herald,compatible,herald,compatible,active,compatible,active
8.75,3.85,rest,compatible,herald,compatible,herald,compatible,herald,compatible,active,compatible,active
8.75,3.975,active,compatible,herald,compatible,herald,compatible,herald,compatible,active,compatible,active
8.75,3.975,rest,compatible,herald,compatible,herald,compatible,herald,compatible,active,compatible,active
8.75,4.1,active,compatible,herald,compatible,herald,compatible,herald,compatible,active,compatible,active
8.75,4.1,rest,compatible,herald,compatible,herald,compatible,herald,compatible,active,compatible,active
8.75,4.225,active,compatible,herald,compatible,herald,compatible,herald,compatible,active,compatible,active
8.75,4.225,rest,compatible,herald,compatible,herald,compatible,herald,compatible,active,compatible,active
8.75,4.35,active,compatible,herald,compatible,herald,compatible,herald,compatible,active,compatible,active
8.75,4.35,rest,compatible,herald,compatible,herald,compatible,herald,compatible,active,compatible,active
8.75,4.475,active,compatible,herald,compatible,herald,compatible,herald,compatible,active,compatible,active
8.75,4.475,rest,compatible,herald,compatible,herald,compatible,herald,compatible,active,compatible,active
8.75,4.6,active,compatible,herald,compatible,herald,compatible,herald,compatible,active,compatible,active
8.75,4.6,rest,compatible,herald,compatible,herald,compatible,herald,compatible,active,compatible,active
8.75,4.725,active,compatible,herald,compatible,herald,compatible,herald,compatible,active,compatible,active
8.75,4.725,rest,compatible,herald,compatible,herald,compatible,herald,compatible,active,compatible,active
8.75,4.85,active,compatible,herald,compatible,herald,compatible,herald,compatible,active,compatible,active
8.75,4.85,rest,compatible,herald,compatible,herald,compatible,herald,compatible,active,compatible,active
8.75,4.975,active,compatible,herald,compatible,herald,compatible,herald,compatible,active,compatible,active
8.75,4.975,rest,compatible,herald,compatible,herald,compatible,herald,compatible,active,compatible,active
8.75,5.1,active,compatible,herald,compatible,herald,compatible,herald,compatible,active,compatible,active
8.75,5.1,rest,compatible,herald,compatible,herald,compatible,herald,compatible,active,compatible,active
8.75,5.225,active,compatible,herald,compatible,herald,compatible,herald,compatible,active,compatible,active
8.75,5.225,rest,compatible,herald,compatible,herald,compatible,herald,compatible,active,compatible,active
8.75,5.35,active,compatible,herald,compatible,herald,compatible,herald,compatible,active,compatible,active
8.75,5.35,rest,compatible,herald,compatible,herald,compatible,herald,compatible,active,compatible,active
8.75,5.475,active,compatible,herald,compatible,herald,compatible,herald,compatible,active,compatible,active
8.75,5.475,rest,compatible,herald,compatible,herald,compatible,herald,compatible,active,compatible,active
8.75,5.6,active,compatible,herald,compatible,herald,compatible,herald,compatible,active,compatible,active
8.75,5.6,rest,compatible,herald,compatible,herald,compatible,herald,compatible,active,compatible,active
8.75,5.725,active,compatible,herald,compatible,herald,compatible,herald,compatible,active,compatible,active
8.75,5.725,rest,compatible,herald,compatible,herald,compatible,herald,compatible,active,compatible,active
8.75,5.85,active,compatible,herald,compatible,herald,compatible,herald,compatible,active,compatible,active
8.75,5.85,rest,compatible,herald,compatible,herald,compatible,herald,compatible,active,compatible,active
8.75,5.975,active,compatible,herald,compatible,herald,compatible,herald,compatible,active,compatible,active
8.75,5.975,rest,compatible,herald,compatible,herald,compatible,herald,compatible,active,compatible,active
8.75,6.1,active,compatible,herald,compatible,herald,compatible,herald,compatible,active,compatible,active
8.75,6.1,rest,compatible,herald,compatible,herald,compatible,herald,compatible,active,compatible,active
8.75,6.225,active,compatible,herald,compatible,herald,compatible,herald,compatible,active,compatible,active
8.75,6.225,rest,compatible,herald,compatible,herald,compatible,herald,compatible,active,compatible,active
8.75,6.35,active,compatible,herald,compatible,herald,compatible,herald,compatible,active,compatible,active
8.75,6.35,rest,compatible,herald,compatible,herald,compatible,herald,compatible,active,compatible,active
8.75,6.475,active,compatible,herald,compatible,herald,compatible,herald,compatible,active,compatible,active
8.75,6.475,rest,compatible,herald,compatible,herald,compatible,herald,compatible,active,compatible,active
8.75,6.6,active,compatible,herald,compatible,herald,compatible,herald,compatible,active,compatible,active
8.75,6.6,rest,compatible,herald,compatible,herald,compatible,herald,compatible,active,compatible,active
8.75,6.725,active,compatible,herald,compatible,herald,compatible,herald,compatible,active,compatible,active
8.75,6.725,rest,compatible,herald,compatible,herald,compatible,herald,compatible,active,compatible,active
8.75,6.85,active,compatible,herald,compatible,herald,compatible,herald,compatible,active,compatible,active
8.75,6.85,rest,compatible,herald,compatible,herald,compatible,herald,compatible,active,compatible,active
8.75,6.975,active,compatible,herald,compatible,herald,compatible,herald,compatible,active,compatible,active
8.75,6.975,rest,compatible,herald,compatible,herald,compatible,herald,compatible,active,compatible,active
8.75,7.1,active,compatible,herald,compatible,herald,compatible,herald,compatible,active,compatible,active
8.75,7.1,rest,compatible,herald,compatible,herald,compatible,herald,compatible,active,compatible,active
8.75,7.225,active,compatible,herald,compatible,herald,compatible,herald,compatible,active,compatible,active
8.75,7.225,rest,compatible,herald,compatible,herald,compatible,herald,compatible,active,compatible,active
8.75,7.35,active,compatible,herald,compatible,herald,compatible,herald,compatible,active,compatible,active
8.75,7.35,rest,compatible,herald,compatible,herald,compatible,herald,compatible,active,compatible,active
8.75,7.475,active,compatible,herald,compatible,herald,compatible,herald,compatible,active,compatible,active
8.75,7.475,rest,compatible,herald,compatible,herald,compatible,herald,compatible,active,compatible,active
8.75,7.6,active,compatible,herald,compatible,herald,compatible,herald,compatible,active,compatible,active
8.75,7.6,rest,compatible,herald,compatible,herald,compatible,herald,compatible,active,compatible,active
8.75,7.725,active,compatible,herald,compatible,herald,compatible,herald,compatible,active,compatible,active
8.75,7.725,rest,compatible,herald,compatible,herald,compatible,herald,compatible,active,compatible,active
8.75,7.85,active,compatible,herald,compatible,herald,compatible,herald,compatible,active,compatible,active
8.75,7.85,rest,compatible,herald,compatible,herald,compatible,herald,compatible,active,compatible,active
8.75,7.925,active,compatible,herald,compatible,herald,compatible,herald,compatible,active,compatible,active
8.75,7.925,rest,compatible,herald,compatible,herald,compatible,herald,compatible,active,compatible,active
8.75,8.0,active,compatible,herald,compatible,herald,compatible,herald,compatible,active,compatible,active
8.75,8.0,rest,compatible,herald,compatible,herald,compatible,herald,compatible,active,compatible,active
8.75,8.125,active,compatible,herald,compatible,herald,compatible,herald,compatible,active,compatible,active
8.75,8.125,rest,compatible,herald,compatible,herald,compatible,herald,compatible,active,compatible,active
8.75,8.25,active,compatible,herald,compatible,herald,compatible,herald,compatible,active,compatible,active
8.75,8.25,rest,compatible,herald,compatible,herald,compatible,herald,compatible,active,compatible,active
8.75,8.375,active,compatible,herald,compatible,herald,compatible,herald,compatible,active,compatible,active
8.75,8.375,rest,compatible,herald,compatible,herald,compatible,herald,compatible,active,compatible,active
8.75,8.5,active,compatible,herald,compatible,herald,compatible,herald,compatible,active,compatible,active
8.75,8.5,rest,compatible,herald,compatible,herald,compatible,herald,compatible,active,compatible,active
8.75,8.625,active,compatible,herald,compatible,herald,compatible,herald,compatible,active,compatible,active
8.75,8.625,rest,compatible,herald,compatible,herald,compatible,herald,compatible,active,compatible,active
8.75,8.75,active,compatible,herald,compatible,herald,compatible,herald,compatible,active,compatible,active
8.75,8.75,rest,compatible,herald,compatible,herald,compatible,herald,compatible,active,compatible,active
8.75,8.875,active,compatible,herald,compatible,herald,compatible,herald,compatible,active,compatible,active
8.75,8.875,rest,compatible,herald,compatible,herald,compatible,herald,compatible,active,compatible,active
8.75,9.0,active,compatible,herald,compatible,herald,compatible,herald,compatible,active,compatible,active
8.75,9.0,rest,compatible,herald,compatible,herald,compatible,herald,compatible,active,compatible,active
8.75,9.125,active,compatible,herald,compatible,herald,compatible,herald,compatible,active,compatible,active
8.75,9.125,rest,compatible,herald,compatible,herald,compatible,herald,compatible,active,compatible,active
8.75,9.25,active,compatible,herald,compatible,herald,compatible,herald,compatible,active,compatible,active
8.75,9.25,rest,compatible,herald,compatible,herald,compatible,herald,compatible,active,compatible,active
8.75,9.375,active,compatible,herald,compatible,herald,compatible,herald,compatible,active,compatible,active
8.75,9.375,rest,compatible,herald,compatible,herald,compatible,herald,compatible,active,compatible,active
8.75,9.5,active,compatible,herald,compatible,herald,compatible,herald,compatible,active,compatible,active
8.75,9.5,rest,compatible,herald,compatible,herald,compatible,herald,compatible,active,compatible,active
8.75,9.625,active,compatible,herald,compatible,herald,compatible,herald,compatible,active,compatible,active
8.75,9.625,rest,compatible,herald,compatible,herald,compatible,herald,compatible,active,compatible,active
8.75,9.75,active,compatible,herald,compatible,herald,compatible,herald,compatible,active,compatible,active
8.75,9.75,rest,compatible,herald,compatible,herald,compatible,herald,compatible,active,compatible,active
8.75,9.875,active,compatible,herald,compatible,herald,compatible,herald,compatible,active,compatible,active
8.75,9.875,rest,compatible,herald,compatible,herald,compatible,herald,compatible,active,compatible,active
8.75,10.0,active,compatible,herald,compatible,herald,compatible,herald,compatible,active,compatible,active
8.75,10.0,rest,compatible,herald,compatible,herald,compatible,herald,compatible,active,compatible,active
8.75,10.125,active,compatible,herald,compatible,herald,compatible,herald,compatible,active,compatible,active
8.75,10.125,rest,compatible,herald,compatible,herald,compatible,herald,compatible,active,compatible,active
8.75,10.25,active,compatible,herald,compatible,herald,compatible,herald,compatible,active,compatible,active
8.75,10.25,rest,compatible,herald,compatible,herald,compatible,herald,compatible,active,compatible,active
8.75,10.375,active,compatible,herald,compatible,herald,compatible,herald,compatible,active,compatible,active
8.75,10.375,rest,compatible,herald,compatible,herald,compatible,herald,compatible,active,compatible,active
8.75,10.5,active,compatible,herald,compatible,herald,compatible,herald,compatible,active,compatible,active
8.75,10.5,rest,compatible,herald,compatible,herald,compatible,herald,compatible,active,compatible,active
8.75,10.625,active,compatible,herald,compatible,herald,compatible,herald,compatible,active,compatible,active
8.75,10.625,rest,compatible,herald,compatible,herald,compatible,herald,compatible,active,compatible,active
8.75,10.75,active,compatible,herald,compatible,herald,compatible,herald,compatible,active,compatible,active
8.75,10.75,rest,compatible,herald,compatible,herald,compatible,herald,compatible,active,compatible,active
8.75,10.875,active,compatible,herald,compatible,herald,compatible,herald,compatible,active,compatible,active
8.75,10.875,rest,compatible,herald,compatible,herald,compatible,herald,compatible,active,compatible,active
8.75,11.0,active,compatible,herald,compatible,herald,compatible,herald,compatible,active,compatible,active
8.75,11.0,rest,compatible,herald,compatible,herald,compatible,herald,compatible,active,compatible,active
8.75,11.125,active,compatible,herald,compatible,herald,compatible,herald,compatible,active,compatible,active
8.75,11.125,rest,compatible,herald,compatible,herald,compatible,herald,compatible,active,compatible,active
8.75,11.25,active,compatible,herald,compatible,herald,compatible,herald,compatible,active,compatible,active
8.75,11.25,rest,compatible,herald,compatible,herald,compatible,herald,compatible,active,compatible,active
8.75,11.375,active,compatible,herald,compatible,herald,compatible,herald,compatible,active,compatible,active
8.75,11.375,rest,compatible,herald,compatible,herald,compatible,herald,compatible,active,compatible,active
8.75,11.5,active,compatible,herald,compatible,herald,compatible,herald,compatible,active,compatible,active
8.75,11.5,rest,compatible,herald,compatible,herald,compatible,herald,compatible,active,compatible,active
8.75,11.625,active,compatible,herald,compatible,herald,compatible,herald,compatible,active,compatible,active
8.75,11.625,rest,compatible,herald,compatible,herald,compatible,herald,compatible,active,compatible,active
8.75,11.75,active,compatible,herald,compatible,herald,compatible,herald,compatible,active,compatible,active
8.75,11.75,rest,compatible,herald,compatible,herald,compatible,herald,compatible,active,compatible,active
8.75,11.875,active,compatible,herald,compatible,herald,compatible,herald,compatible,active,compatible,active
8.75,11.875,rest,compatible,herald,compatible,herald,compatible,herald,compatible,active,compatible,active
8.75,12.0,active,compatible,herald,compatible,herald,compatible,herald,compatible,active,compatible,active
8.75,12.0,rest,compatible,herald,compatible,herald,compatible,herald,compatible,active,compatible,active
8.75,12.125,active,compatible,herald,compatible,herald,compatible,herald,compatible,active,compatible,active
8.75,12.125,rest,compatible,herald,compatible,herald,compatible,herald,compatible,active,compatible,active
8.75,12.25,active,compatible,herald,compatible,herald,compatible,herald,compatible,active,compatible,active
8.75,12.25,rest,compatible,herald,compatible,herald,compatible,herald,compatible,active,compatible,active
8.75,12.375,active,compatible,herald,compatible,herald,compatible,herald,compatible,active,compatible,active
8.75,12.375,rest,compatible,herald,compatible,herald,compatible,herald,compatible,active,compatible,active
8.75,12.5,active,compatible,herald,compatible,herald,compatible,herald,compatible,active,compatible,active
8.75,12.5,rest,compatible,herald,compatible,herald,compatible,herald,compatible,active,compatible,active
8.75,12.625,active,compatible,herald,compatible,herald,compatible,herald,compatible,active,compatible,active
8.75,12.625,rest,compatible,herald,compatible,herald,compatible,herald,compatible,active,compatible,active
8.75,12.75,active,compatible,herald,compatible,herald,compatible,herald,compatible,active,compatible,active
8.75,12.75,rest,compatible,herald,compatible,herald,compatible,herald,compatible,active,compatible,active
8.75,12.875,active,compatible,herald,compatible,herald,compatible,herald,compatible,active,compatible,active
8.75,12.875,rest,compatible,herald,compatible,herald,compatible,herald,compatible,active,compatible,active
8.75,13.0,active,compatible,herald,compatible,herald,compatible,herald,compatible,active,compatible,active
8.75,13.0,rest,compatible,herald,compatible,herald,compatible,herald,compatible,active,compatible,active
8.75,13.125,active,compatible,herald,compatible,herald,compatible,herald,compatible,active,compatible,active
8.75,13.125,rest,compatible,herald,compatible,herald,compatible,herald,compatible,active,compatible,active
8.75,13.25,active,compatible,herald,compatible,herald,compatible,herald,compatible,active,compatible,active
8.75,13.25,rest,compatible,herald,compatible,herald,compatible,herald,compatible,active,compatible,active
8.75,13.375,active,compatible,herald,compatible,herald,compatible,herald,compatible,active,compatible,active
8.75,13.375,rest,compatible,herald,compatible,herald,compatible,herald,compatible,active,compatible,active
8.75,13.5,active,compatible,herald,compatible,herald,compatible,herald,compatible,active,compatible,active
8.75,13.5,rest,compatible,herald,compatible,herald,compatible,herald,compatible,active,compatible,active
8.75,13.625,active,compatible,herald,compatible,herald,compatible,herald,compatible,active,compatible,active
8.75,13.625,rest,compatible,herald,compatible,herald,compatible,herald,compatible,active,compatible,active
8.75,13.75,active,compatible,herald,compatible,herald,compatible,herald,compatible,active,compatible,active
8.75,13.75,rest,compatible,herald,compatible,herald,compatible,herald,compatible,active,compatible,active
8.75,13.875,active,compatible,herald,compatible,herald,compatible,herald,compatible,active,compatible,active
8.75,13.875,rest,compatible,herald,compatible,herald,compatible,herald,compatible,active,compatible,active
8.75,14.0,active,compatible,herald,compatible,herald,compatible,herald,compatible,active,compatible,active
8.75,14.0,rest,compatible,herald,compatible,herald,compatible,herald,compatible,active,compatible,active
8.75,14.125,active,compatible,herald,compatible,herald,compatible,herald,compatible,active,compatible,active
8.75,14.125,rest,compatible,herald,compatible,herald,compatible,herald,compatible,active,compatible,active
8.75,14.25,active,compatible,herald,compatible,herald,compatible,herald,compatible,active,compatible,active
8.75,14.25,rest,compatible,herald,compatible,herald,compatible,herald,compatible,active,compatible,active
8.75,14.375,active,compatible,herald,compatible,herald,compatible,herald,compatible,active,compatible,active
8.75,14.375,rest,compatible,herald,compatible,herald,compatible,herald,compatible,active,compatible,active
8.75,14.5,active,compatible,herald,compatible,herald,compatible,herald,compatible,active,compatible,active
8.75,14.5,rest,compatible,herald,compatible,herald,compatible,herald,compatible,active,compatible,active
8.75,14.625,active,compatible,herald,compatible,herald,compatible,herald,compatible,active,compatible,active
8.75,14.625,rest,compatible,herald,compatible,herald,compatible,herald,compatible,active,compatible,active
8.75,14.75,active,compatible,herald,compatible,herald,compatible,herald,compatible,active,compatible,active
8.75,14.75,rest,compatible,herald,compatible,herald,compatible,herald,compatible,active,compatible,active
8.75,14.875,active,compatible,herald,compatible,herald,compatible,herald,compatible,active,compatible,active
8.75,14.875,rest,compatible,herald,compatible,herald,compatible,herald,compatible,active,compatible,active
8.75,15.0,active,compatible,herald,compatible,herald,compatible,herald,compatible,active,compatible,active
8.75,15.0,rest,compatible,herald,compatible,herald,compatible,herald,compatible,active,compatible,active
8.75,15.125,active,compatible,herald,compatible,herald,compatible,herald,compatible,active,compatible,active
8.75,15.125,rest,compatible,herald,compatible,herald,compatible,herald,compatible,active,compatible,active
8.75,15.25,active,compatible,herald,compatible,herald,compatible,herald,compatible,active,compatible,active
8.75,15.25,rest,compatible,herald,compatible,herald,compatible,herald,compatible,active,compatible,active
8.75,15.375,active,compatible,herald,compatible,herald,compatible,herald,compatible,active,compatible,active
8.75,15.375,rest,compatible,herald,compatible,herald,compatible,herald,compatible,active,compatible,active
8.75,15.5,active,compatible,herald,compatible,herald,compatible,herald,compatible,active,compatible,active
8.75,15.5,rest,compatible,herald,compatible,herald,compatible,herald,compatible,active,compatible,active
8.75,15.625,active,compatible,herald,compatible,herald,compatible,herald,compatible,active,compatible,active
8.75,15.625,rest,compatible,herald,compatible,herald,compatible,herald,compatible,active,compatible,active
8.75,15.75,active,compatible,herald,compatible,herald,compatible,herald,compatible,active,compatible,active
8.75,15.75,rest,compatible,herald,compatible,herald,compatible,herald,compatible,active,compatible,active
8.75,15.875,active,compatible,herald,compatible,herald,compatible,herald,compatible,active,compatible,active
8.75,15.875,rest,compatible,herald,compatible,herald,compatible,herald,compatible,active,compatible,active
8.75,16.0,active,compatible,herald,compatible,herald,compatible,herald,compatible,active,compatible,active
8.75,16.0,rest,compatible,herald,compatible,herald,compatible,herald,compatible,active,compatible,active
9.0,0.35,active,compatible,active,unrun,unresolved,unrun,unresolved,unrun,unresolved,unrun,unresolved
9.0,0.35,rest,compatible,rest,unrun,unresolved,unrun,unresolved,unrun,unresolved,unrun,unresolved
9.0,0.38125,active,compatible,active,unrun,unresolved,unrun,unresolved,unrun,unresolved,unrun,unresolved
9.0,0.38125,rest,compatible,rest,unrun,unresolved,unrun,unresolved,unrun,unresolved,unrun,unresolved
9.0,0.4125,active,compatible,active,unrun,unresolved,unrun,unresolved,unrun,unresolved,unrun,unresolved
9.0,0.4125,rest,compatible,rest,unrun,unresolved,unrun,unresolved,unrun,unresolved,unrun,unresolved
9.0,0.41640625,active,compatible,active,unrun,unresolved,unrun,unresolved,unrun,unresolved,unrun,unresolved
9.0,0.41640625,rest,compatible,active,unrun,unresolved,unrun,unresolved,unrun,unresolved,unrun,unresolved
9.0,0.4203125,active,compatible,active,unrun,unresolved,unrun,unresolved,unrun,unresolved,unrun,unresolved
9.0,0.4203125,rest,compatible,active,unrun,unresolved,unrun,unresolved,unrun,unresolved,unrun,unresolved
9.0,0.42421875,active,compatible,active,unrun,unresolved,unrun,unresolved,unrun,unresolved,unrun,unresolved
9.0,0.42421875,rest,compatible,active,unrun,unresolved,unrun,unresolved,unrun,unresolved,unrun,unresolved
9.0,0.428125,active,compatible,active,unrun,unresolved,unrun,unresolved,unrun,unresolved,unrun,unresolved
9.0,0.428125,rest,compatible,active,unrun,unresolved,unrun,unresolved,unrun,unresolved,unrun,unresolved
9.0,0.4359375,active,compatible,active,unrun,unresolved,unrun,unresolved,unrun,unresolved,unrun,unresolved
9.0,0.4359375,rest,compatible,active,unrun,unresolved,unrun,unresolved,unrun,unresolved,unrun,unresolved
9.0,0.44375,active,compatible,active,unrun,unresolved,unrun,unresolved,unrun,unresolved,unrun,unresolved
9.0,0.44375,rest,compatible,active,unrun,unresolved,unrun,unresolved,unrun,unresolved,unrun,unresolved
9.0,0.459375,active,compatible,active,unrun,unresolved,unrun,unresolved,unrun,unresolved,unrun,unresolved
9.0,0.459375,rest,compatible,active,unrun,unresolved,unrun,unresolved,unrun,unresolved,unrun,unresolved
9.0,0.475,active,compatible,active,unrun,unresolved,unrun,unresolved,unrun,unresolved,unrun,unresolved
9.0,0.475,rest,compatible,active,unrun,unresolved,unrun,unresolved,unrun,unresolved,unrun,unresolved
9.0,0.5375,active,compatible,active,unrun,unresolved,unrun,unresolved,unrun,unresolved,unrun,unresolved
9.0,0.5375,rest,compatible,active,unrun,unresolved,unrun,unresolved,unrun,unresolved,unrun,unresolved
9.0,0.6,active,compatible,active,unrun,unresolved,unrun,unresolved,unrun,unresolved,unrun,unresolved
9.0,0.6,rest,compatible,active,unrun,unresolved,unrun,unresolved,unrun,unresolved,unrun,unresolved
9.0,0.725,active,compatible,active,unrun,unresolved,unrun,unresolved,unrun,unresolved,unrun,unresolved
9.0,0.725,rest,compatible,active,unrun,unresolved,unrun,unresolved,unrun,unresolved,unrun,unresolved
9.0,0.85,active,compatible,active,unrun,unresolved,unrun,unresolved,unrun,unresolved,unrun,unresolved
9.0,0.85,rest,compatible,active,unrun,unresolved,unrun,unresolved,unrun,unresolved,unrun,unresolved
9.0,0.975,active,compatible,active,unrun,unresolved,unrun,unresolved,unrun,unresolved,unrun,unresolved
9.0,0.975,rest,compatible,active,unrun,unresolved,unrun,unresolved,unrun,unresolved,unrun,unresolved
9.0,1.1,active,compatible,active,unrun,unresolved,unrun,unresolved,unrun,unresolved,unrun,unresolved
9.0,1.1,rest,compatible,active,unrun,unresolved,unrun,unresolved,unrun,unresolved,unrun,unresolved
9.0,1.1625,active,compatible,active,unrun,unresolved,unrun,unresolved,unrun,unresolved,unrun,unresolved
9.0,1.1625,rest,compatible,active,unrun,unresolved,unrun,unresolved,unrun,unresolved,unrun,unresolved
9.0,1.225,active,compatible,active,unrun,unresolved,unrun,unresolved,unrun,unresolved,unrun,unresolved
9.0,1.225,rest,compatible,active,unrun,unresolved,unrun,unresolved,unrun,unresolved,unrun,unresolved
9.0,1.22890625,active,compatible,active,unrun,unresolved,unrun,unresolved,unrun,unresolved,unrun,unresolved
9.0,1.22890625,rest,compatible,active,unrun,unresolved,unrun,unresolved,unrun,unresolved,unrun,unresolved
9.0,1.2328125,active,compatible,herald,compatible,herald,compatible,herald,compatible,active,compatible,active
9.0,1.2328125,rest,compatible,herald,compatible,herald,compatible,herald,compatible,active,compatible,active
9.0,1.23671875,active,compatible,herald,compatible,herald,compatible,herald,compatible,active,compatible,active
9.0,1.23671875,rest,compatible,herald,compatible,herald,compatible,herald,compatible,active,compatible,active
9.0,1.240625,active,compatible,herald,compatible,herald,compatible,herald,compatible,active,compatible,active
9.0,1.240625,rest,compatible,herald,compatible,herald,compatible,herald,compatible,active,compatible,active
9.0,1.2484375,active,compatible,herald,compatible,herald,compatible,herald,compatible,active,compatible,active
9.0,1.2484375,rest,compatible,herald,compatible,herald,compatible,herald,compatible,active,compatible,active
9.0,1.25625,active,compatible,herald,compatible,herald,compatible,herald,compatible,active,compatible,active
9.0,1.25625,rest,compatible,herald,compatible,herald,compatible,herald,compatible,active,compatible,active
9.0,1.271875,active,compatible,herald,compatible,herald,compatible,herald,compatible,active,compatible,active
9.0,1.271875,rest,compatible,herald,compatible,herald,compatible,herald,compatible,active,compatible,active
9.0,1.2875,active,compatible,herald,compatible,herald,compatible,herald,compatible,active,compatible,active
9.0,1.2875,rest,compatible,herald,compatible,herald,compatible,herald,compatible,active,compatible,active
9.0,1.31875,active,compatible,herald,compatible,herald,compatible,herald,compatible,active,compatible,active
9.0,1.31875,rest,compatible,herald,compatible,herald,compatible,herald,compatible,active,compatible,active
9.0,1.35,active,compatible,herald,compatible,herald,compatible,herald,compatible,active,compatible,active
9.0,1.35,rest,compatible,herald,compatible,herald,compatible,herald,compatible,active,compatible,active
9.0,1.475,active,compatible,herald,compatible,herald,compatible,herald,compatible,active,compatible,active
9.0,1.475,rest,compatible,herald,compatible,herald,compatible,herald,compatible,active,compatible,active
9.0,1.6,active,compatible,herald,compatible,herald,compatible,herald,compatible,active,compatible,active
9.0,1.6,rest,compatible,herald,compatible,herald,compatible,herald,compatible,active,compatible,active
9.0,1.725,active,compatible,herald,compatible,herald,compatible,herald,compatible,active,compatible,active
9.0,1.725,rest,compatible,herald,compatible,herald,compatible,herald,compatible,active,compatible,active
9.0,1.85,active,compatible,herald,compatible,herald,compatible,herald,compatible,active,compatible,active
9.0,1.85,rest,compatible,herald,compatible,herald,compatible,herald,compatible,active,compatible,active
9.0,1.975,active,compatible,herald,compatible,herald,compatible,herald,compatible,active,compatible,active
9.0,1.975,rest,compatible,herald,compatible,herald,compatible,herald,compatible,active,compatible,active
9.0,2.1,active,compatible,herald,compatible,herald,compatible,herald,compatible,active,compatible,active
9.0,2.1,rest,compatible,herald,compatible,herald,compatible,herald,compatible,active,compatible,active
9.0,2.225,active,compatible,herald,compatible,herald,compatible,herald,compatible,active,compatible,active
9.0,2.225,rest,compatible,herald,compatible,herald,compatible,herald,compatible,active,compatible,active
9.0,2.35,active,compatible,herald,compatible,herald,compatible,herald,compatible,active,compatible,active
9.0,2.35,rest,compatible,herald,compatible,herald,compatible,herald,compatible,active,compatible,active
9.0,2.475,active,compatible,herald,compatible,herald,compatible,herald,compatible,active,compatible,active
9.0,2.475,rest,compatible,herald,compatible,herald,compatible,herald,compatible,active,compatible,active
9.0,2.6,active,compatible,herald,compatible,herald,compatible,herald,compatible,active,compatible,active
9.0,2.6,rest,compatible,herald,compatible,herald,compatible,herald,compatible,active,compatible,active
9.0,2.725,active,compatible,herald,compatible,herald,compatible,herald,compatible,active,compatible,active
9.0,2.725,rest,compatible,herald,compatible,herald,compatible,herald,compatible,active,compatible,active
9.0,2.85,active,compatible,herald,compatible,herald,compatible,herald,compatible,active,compatible,active
9.0,2.85,rest,compatible,herald,compatible,herald,compatible,herald,compatible,active,compatible,active
9.0,2.975,active,compatible,herald,compatible,herald,compatible,herald,compatible,active,compatible,active
9.0,2.975,rest,compatible,herald,compatible,herald,compatible,herald,compatible,active,compatible,active
9.0,3.1,active,compatible,herald,compatible,herald,compatible,herald,compatible,active,compatible,active
9.0,3.1,rest,compatible,herald,compatible,herald,compatible,herald,compatible,active,compatible,active
9.0,3.225,active,compatible,herald,compatible,herald,compatible,herald,compatible,active,compatible,active
9.0,3.225,rest,compatible,herald,compatible,herald,compatible,herald,compatible,active,compatible,active
9.0,3.35,active,compatible,herald,compatible,herald,compatible,herald,compatible,active,compatible,active
9.0,3.35,rest,compatible,herald,compatible,herald,compatible,herald,compatible,active,compatible,active
9.0,3.475,active,compatible,herald,compatible,herald,compatible,herald,compatible,active,compatible,active
9.0,3.475,rest,compatible,herald,compatible,herald,compatible,herald,compatible,active,compatible,active
9.0,3.6,active,compatible,herald,compatible,herald,compatible,herald,compatible,active,compatible,active
9.0,3.6,rest,compatible,herald,compatible,herald,compatible,herald,compatible,active,compatible,active
9.0,3.725,active,compatible,herald,compatible,herald,compatible,herald,compatible,active,compatible,active
9.0,3.725,rest,compatible,herald,compatible,herald,compatible,herald,compatible,active,compatible,active
9.0,3.85,active,compatible,herald,compatible,herald,compatible,herald,compatible,active,compatible,active
9.0,3.85,rest,compatible,herald,compatible,herald,compatible,herald,compatible,active,compatible,active
9.0,3.975,active,compatible,herald,compatible,herald,compatible,herald,compatible,active,compatible,active
9.0,3.975,rest,compatible,herald,compatible,herald,compatible,herald,compatible,active,compatible,active
9.0,4.1,active,compatible,herald,compatible,herald,compatible,herald,compatible,active,compatible,active
9.0,4.1,rest,compatible,herald,compatible,herald,compatible,herald,compatible,active,compatible,active
9.0,4.225,active,compatible,herald,compatible,herald,compatible,herald,compatible,active,compatible,active
9.0,4.225,rest,compatible,herald,compatible,herald,compatible,herald,compatible,active,compatible,active
9.0,4.35,active,compatible,herald,compatible,herald,compatible,herald,compatible,active,compatible,active
9.0,4.35,rest,compatible,herald,compatible,herald,compatible,herald,compatible,active,compatible,active
9.0,4.475,active,compatible,herald,compatible,herald,compatible,herald,compatible,active,compatible,active
9.0,4.475,rest,compatible,herald,compatible,herald,compatible,herald,compatible,active,compatible,active
9.0,4.6,active,compatible,herald,compatible,herald,compatible,herald,compatible,active,compatible,active
9.0,4.6,rest,compatible,herald,compatible,herald,compatible,herald,compatible,active,compatible,active
9.0,4.725,active,compatible,herald,compatible,herald,compatible,herald,compatible,active,compatible,active
9.0,4.725,rest,compatible,herald,compatible,herald,compatible,herald,compatible,active,compatible,active
9.0,4.85,active,compatible,herald,compatible,herald,compatible,herald,compatible,active,compatible,active
9.0,4.85,rest,compatible,herald,compatible,herald,compatible,herald,compatible,active,compatible,active
9.0,4.975,active,compatible,herald,compatible,herald,compatible,herald,compatible,active,compatible,active
9.0,4.975,rest,compatible,herald,compatible,herald,compatible,herald,compatible,active,compatible,active
9.0,5.1,active,compatible,herald,compatible,herald,compatible,herald,compatible,active,compatible,active
9.0,5.1,rest,compatible,herald,compatible,herald,compatible,herald,compatible,active,compatible,active
9.0,5.225,active,compatible,herald,compatible,herald,compatible,herald,compatible,active,compatible,active
9.0,5.225,rest,compatible,herald,compatible,herald,compatible,herald,compatible,active,compatible,active
9.0,5.35,active,compatible,herald,compatible,herald,compatible,herald,compatible,active,compatible,active
9.0,5.35,rest,compatible,herald,compatible,herald,compatible,herald,compatible,active,compatible,active
9.0,5.475,active,compatible,herald,compatible,herald,compatible,herald,compatible,active,compatible,active
9.0,5.475,rest,compatible,herald,compatible,herald,compatible,herald,compatible,active,compatible,active
9.0,5.6,active,compatible,herald,compatible,herald,compatible,herald,compatible,active,compatible,active
9.0,5.6,rest,compatible,herald,compatible,herald,compatible,herald,compatible,active,compatible,active
9.0,5.725,active,compatible,herald,compatible,herald,compatible,herald,compatible,active,compatible,active
9.0,5.725,rest,compatible,herald,compatible,herald,compatible,herald,compatible,active,compatible,active
9.0,5.85,active,compatible,herald,compatible,herald,compatible,herald,compatible,active,compatible,active
9.0,5.85,rest,compatible,herald,compatible,herald,compatible,herald,compatible,active,compatible,active
9.0,5.975,active,compatible,herald,compatible,herald,compatible,herald,compatible,active,compatible,active
9.0,5.975,rest,compatible,herald,compatible,herald,compatible,herald,compatible,active,compatible,active
9.0,6.1,active,compatible,herald,compatible,herald,compatible,herald,compatible,active,compatible,active
9.0,6.1,rest,compatible,herald,compatible,herald,compatible,herald,compatible,active,compatible,active
9.0,6.225,active,compatible,herald,compatible,herald,compatible,herald,compatible,active,compatible,active
9.0,6.225,rest,compatible,herald,compatible,herald,compatible,herald,compatible,active,compatible,active
9.0,6.35,active,compatible,herald,compatible,herald,compatible,herald,compatible,active,compatible,active
9.0,6.35,rest,compatible,herald,compatible,herald,compatible,herald,compatible,active,compatible,active
9.0,6.475,active,compatible,herald,compatible,herald,compatible,herald,compatible,active,compatible,active
9.0,6.475,rest,compatible,herald,compatible,herald,compatible,herald,compatible,active,compatible,active
9.0,6.6,active,compatible,herald,compatible,herald,compatible,herald,compatible,active,compatible,active
9.0,6.6,rest,compatible,herald,compatible,herald,compatible,herald,compatible,active,compatible,active
9.0,6.725,active,compatible,herald,compatible,herald,compatible,herald,compatible,active,compatible,active
9.0,6.725,rest,compatible,herald,compatible,herald,compatible,herald,compatible,active,compatible,active
9.0,6.85,active,compatible,herald,compatible,herald,compatible,herald,compatible,active,compatible,active
9.0,6.85,rest,compatible,herald,compatible,herald,compatible,herald,compatible,active,compatible,active
9.0,6.975,active,compatible,herald,compatible,herald,compatible,herald,compatible,active,compatible,active
9.0,6.975,rest,compatible,herald,compatible,herald,compatible,herald,compatible,active,compatible,active
9.0,7.1,active,compatible,herald,compatible,herald,compatible,herald,compatible,active,compatible,active
9.0,7.1,rest,compatible,herald,compatible,herald,compatible,herald,compatible,active,compatible,active
9.0,7.225,active,compatible,herald,compatible,herald,compatible,herald,compatible,active,compatible,active
9.0,7.225,rest,compatible,herald,compatible,herald,compatible,herald,compatible,active,compatible,active
9.0,7.35,active,compatible,herald,compatible,herald,compatible,herald,compatible,active,compatible,active
9.0,7.35,rest,compatible,herald,compatible,herald,compatible,herald,compatible,active,compatible,active
9.0,7.475,active,compatible,herald,compatible,herald,compatible,herald,compatible,active,compatible,active
9.0,7.475,rest,compatible,herald,compatible,herald,compatible,herald,compatible,active,compatible,active
9.0,7.6,active,compatible,herald,compatible,herald,compatible,herald,compatible,active,compatible,active
9.0,7.6,rest,compatible,herald,compatible,herald,compatible,herald,compatible,active,compatible,active
9.0,7.725,active,compatible,herald,compatible,herald,compatible,herald,compatible,active,compatible,active
9.0,7.725,rest,compatible,herald,compatible,herald,compatible,herald,compatible,active,compatible,active
9.0,7.85,active,compatible,herald,compatible,herald,compatible,herald,compatible,active,compatible,active
9.0,7.85,rest,compatible,herald,compatible,herald,compatible,herald,compatible,active,compatible,active
9.0,7.925,active,compatible,herald,compatible,herald,compatible,herald,compatible,active,compatible,active
9.0,7.925,rest,compatible,herald,compatible,herald,compatible,herald,compatible,active,compatible,active
9.0,8.0,active,compatible,herald,compatible,herald,compatible,herald,compatible,active,compatible,active
9.0,8.0,rest,compatible,herald,compatible,herald,compatible,herald,compatible,active,compatible,active
9.0,8.125,active,compatible,herald,compatible,herald,compatible,herald,compatible,active,compatible,active
9.0,8.125,rest,compatible,herald,compatible,herald,compatible,herald,compatible,active,compatible,active
9.0,8.25,active,compatible,herald,compatible,herald,compatible,herald,compatible,active,compatible,active
9.0,8.25,rest,compatible,herald,compatible,herald,compatible,herald,compatible,active,compatible,active
9.0,8.375,active,compatible,herald,compatible,herald,compatible,herald,compatible,active,compatible,active
9.0,8.375,rest,compatible,herald,compatible,herald,compatible,herald,compatible,active,compatible,active
9.0,8.5,active,compatible,herald,compatible,herald,compatible,herald,compatible,active,compatible,active
9.0,8.5,rest,compatible,herald,compatible,herald,compatible,herald,compatible,active,compatible,active
9.0,8.625,active,compatible,herald,compatible,herald,compatible,herald,compatible,active,compatible,active
9.0,8.625,rest,compatible,herald,compatible,herald,compatible,herald,compatible,active,compatible,active
9.0,8.75,active,compatible,herald,compatible,herald,compatible,herald,compatible,active,compatible,active
9.0,8.75,rest,compatible,herald,compatible,herald,compatible,herald,compatible,active,compatible,active
9.0,8.875,active,compatible,herald,compatible,herald,compatible,herald,compatible,active,compatible,active
9.0,8.875,rest,compatible,herald,compatible,herald,compatible,herald,compatible,active,compatible,active
9.0,9.0,active,compatible,herald,compatible,herald,compatible,herald,compatible,active,compatible,active
9.0,9.0,rest,compatible,herald,compatible,herald,compatible,herald,compatible,active,compatible,active
9.0,9.125,active,compatible,herald,compatible,herald,compatible,herald,compatible,active,compatible,active
9.0,9.125,rest,compatible,herald,compatible,herald,compatible,herald,compatible,active,compatible,active
9.0,9.25,active,compatible,herald,compatible,herald,compatible,herald,compatible,active,compatible,active
9.0,9.25,rest,compatible,herald,compatible,herald,compatible,herald,compatible,active,compatible,active
9.0,9.375,active,compatible,herald,compatible,herald,compatible,herald,compatible,active,compatible,active
9.0,9.375,rest,compatible,herald,compatible,herald,compatible,herald,compatible,active,compatible,active
9.0,9.5,active,compatible,herald,compatible,herald,compatible,herald,compatible,active,compatible,active
9.0,9.5,rest,compatible,herald,compatible,herald,compatible,herald,compatible,active,compatible,active
9.0,9.625,active,compatible,herald,compatible,herald,compatible,herald,compatible,active,compatible,active
9.0,9.625,rest,compatible,herald,compatible,herald,compatible,herald,compatible,active,compatible,active
9.0,9.75,active,compatible,herald,compatible,herald,compatible,herald,compatible,active,compatible,active
9.0,9.75,rest,compatible,herald,compatible,herald,compatible,herald,compatible,active,compatible,active
9.0,9.875,active,compatible,herald,compatible,herald,compatible,herald,compatible,active,compatible,active
9.0,9.875,rest,compatible,herald,compatible,herald,compatible,herald,compatible,active,compatible,active
9.0,10.0,active,compatible,herald,compatible,herald,compatible,herald,compatible,active,compatible,active
9.0,10.0,rest,compatible,herald,compatible,herald,compatible,herald,compatible,active,compatible,active
9.0,10.125,active,compatible,herald,compatible,herald,compatible,herald,compatible,active,compatible,active
9.0,10.125,rest,compatible,herald,compatible,herald,compatible,herald,compatible,active,compatible,active
9.0,10.25,active,compatible,herald,compatible,herald,compatible,herald,compatible,active,compatible,active
9.0,10.25,rest,compatible,herald,compatible,herald,compatible,herald,compatible,active,compatible,active
9.0,10.375,active,compatible,herald,compatible,herald,compatible,herald,compatible,active,compatible,active
9.0,10.375,rest,compatible,herald,compatible,herald,compatible,herald,compatible,active,compatible,active
9.0,10.5,active,compatible,herald,compatible,herald,compatible,herald,compatible,active,compatible,active
9.0,10.5,rest,compatible,herald,compatible,herald,compatible,herald,compatible,active,compatible,active
9.0,10.625,active,compatible,herald,compatible,herald,compatible,herald,compatible,active,compatible,active
9.0,10.625,rest,compatible,herald,compatible,herald,compatible,herald,compatible,active,compatible,active
9.0,10.75,active,compatible,herald,compatible,herald,compatible,herald,compatible,active,compatible,active
9.0,10.75,rest,compatible,herald,compatible,herald,compatible,herald,compatible,active,compatible,active
9.0,10.875,active,compatible,herald,compatible,herald,compatible,herald,compatible,active,compatible,active
9.0,10.875,rest,compatible,herald,compatible,herald,compatible,herald,compatible,active,compatible,active
9.0,11.0,active,compatible,herald,compatible,herald,compatible,herald,compatible,active,compatible,active
9.0,11.0,rest,compatible,herald,compatible,herald,compatible,herald,compatible,active,compatible,active
9.0,11.125,active,compatible,herald,compatible,herald,compatible,herald,compatible,active,compatible,active
9.0,11.125,rest,compatible,herald,compatible,herald,compatible,herald,compatible,active,compatible,active
9.0,11.25,active,compatible,herald,compatible,herald,compatible,herald,compatible,active,compatible,active
9.0,11.25,rest,compatible,herald,compatible,herald,compatible,herald,compatible,active,compatible,active
9.0,11.375,active,compatible,herald,compatible,herald,compatible,herald,compatible,active,compatible,active
9.0,11.375,rest,compatible,herald,compatible,herald,compatible,herald,compatible,active,compatible,active
9.0,11.5,active,compatible,herald,compatible,herald,compatible,herald,compatible,active,compatible,active
9.0,11.5,rest,compatible,herald,compatible,herald,compatible,herald,compatible,active,compatible,active
9.0,11.625,active,compatible,herald,compatible,herald,compatible,herald,compatible,active,compatible,active
9.0,11.625,rest,compatible,herald,compatible,herald,compatible,herald,compatible,active,compatible,active
9.0,11.75,active,compatible,herald,compatible,herald,compatible,herald,compatible,active,compatible,active
9.0,11.75,rest,compatible,herald,compatible,herald,compatible,herald,compatible,active,compatible,active
9.0,11.875,active,compatible,herald,compatible,herald,compatible,herald,compatible,active,compatible,active
9.0,11.875,rest,compatible,herald,compatible,herald,compatible,herald,compatible,active,compatible,active
9.0,12.0,active,compatible,herald,compatible,herald,compatible,herald,compatible,active,compatible,active
9.0,12.0,rest,compatible,herald,compatible,herald,compatible,herald,compatible,active,compatible,active
9.0,12.125,active,compatible,herald,compatible,herald,compatible,herald,compatible,active,compatible,active
9.0,12.125,rest,compatible,herald,compatible,herald,compatible,herald,compatible,active,compatible,active
9.0,12.25,active,compatible,herald,compatible,herald,compatible,herald,compatible,active,compatible,active
9.0,12.25,rest,compatible,herald,compatible,herald,compatible,herald,compatible,active,compatible,active
9.0,12.375,active,compatible,herald,compatible,herald,compatible,herald,compatible,active,compatible,active
9.0,12.375,rest,compatible,herald,compatible,herald,compatible,herald,compatible,active,compatible,active
9.0,12.5,active,compatible,herald,compatible,herald,compatible,herald,compatible,active,compatible,active
9.0,12.5,rest,compatible,herald,compatible,herald,compatible,herald,compatible,active,compatible,active
9.0,12.625,active,compatible,herald,compatible,herald,compatible,herald,compatible,active,compatible,active
9.0,12.625,rest,compatible,herald,compatible,herald,compatible,herald,compatible,active,compatible,active
9.0,12.75,active,compatible,herald,compatible,herald,compatible,herald,compatible,active,compatible,active
9.0,12.75,rest,compatible,herald,compatible,herald,compatible,herald,compatible,active,compatible,active
9.0,12.875,active,compatible,herald,compatible,herald,compatible,herald,compatible,active,compatible,active
9.0,12.875,rest,compatible,herald,compatible,herald,compatible,herald,compatible,active,compatible,active
9.0,13.0,active,compatible,herald,compatible,herald,compatible,herald,compatible,active,compatible,active
9.0,13.0,rest,compatible,herald,compatible,herald,compatible,herald,compatible,active,compatible,active
9.0,13.125,active,compatible,herald,compatible,herald,compatible,herald,compatible,active,compatible,active
9.0,13.125,rest,compatible,herald,compatible,herald,compatible,herald,compatible,active,compatible,active
9.0,13.25,active,compatible,herald,compatible,herald,compatible,herald,compatible,active,compatible,active
9.0,13.25,rest,compatible,herald,compatible,herald,compatible,herald,compatible,active,compatible,active
9.0,13.375,active,compatible,herald,compatible,herald,compatible,herald,compatible,active,compatible,active
9.0,13.375,rest,compatible,herald,compatible,herald,compatible,herald,compatible,active,compatible,active
9.0,13.5,active,compatible,herald,compatible,herald,compatible,herald,compatible,active,compatible,active
9.0,13.5,rest,compatible,herald,compatible,herald,compatible,herald,compatible,active,compatible,active
9.0,13.625,active,compatible,herald,compatible,herald,compatible,herald,compatible,active,compatible,active
9.0,13.625,rest,compatible,herald,compatible,herald,compatible,herald,compatible,active,compatible,active
9.0,13.75,active,compatible,herald,compatible,herald,compatible,herald,compatible,active,compatible,active
9.0,13.75,rest,compatible,herald,compatible,herald,compatible,herald,compatible,active,compatible,active
9.0,13.875,active,compatible,herald,compatible,herald,compatible,herald,compatible,active,compatible,active
9.0,13.875,rest,compatible,herald,compatible,herald,compatible,herald,compatible,active,compatible,active
9.0,14.0,active,compatible,herald,compatible,herald,compatible,herald,compatible,active,compatible,active
9.0,14.0,rest,compatible,herald,compatible,herald,compatible,herald,compatible,active,compatible,active
9.0,14.125,active,compatible,herald,compatible,herald,compatible,herald,compatible,active,compatible,active
9.0,14.125,rest,compatible,herald,compatible,herald,compatible,herald,compatible,active,compatible,active
9.0,14.25,active,compatible,herald,compatible,herald,compatible,herald,compatible,active,compatible,active
9.0,14.25,rest,compatible,herald,compatible,herald,compatible,herald,compatible,active,compatible,active
9.0,14.375,active,compatible,herald,compatible,herald,compatible,herald,compatible,active,compatible,active
9.0,14.375,rest,compatible,herald,compatible,herald,compatible,herald,compatible,active,compatible,active
9.0,14.5,active,compatible,herald,compatible,herald,compatible,herald,compatible,active,compatible,active
9.0,14.5,rest,compatible,herald,compatible,herald,compatible,herald,compatible,active,compatible,active
9.0,14.625,active,compatible,herald,compatible,herald,compatible,herald,compatible,active,compatible,active
9.0,14.625,rest,compatible,herald,compatible,herald,compatible,herald,compatible,active,compatible,active
9.0,14.75,active,compatible,herald,compatible,herald,compatible,herald,compatible,active,compatible,active
9.0,14.75,rest,compatible,herald,compatible,herald,compatible,herald,compatible,active,compatible,active
9.0,14.875,active,compatible,herald,compatible,herald,compatible,herald,compatible,active,compatible,active
9.0,14.875,rest,compatible,herald,compatible,herald,compatible,herald,compatible,active,compatible,active
9.0,15.0,active,compatible,herald,compatible,herald,compatible,herald,compatible,active,compatible,active
9.0,15.0,rest,compatible,herald,compatible,herald,compatible,herald,compatible,active,compatible,active
9.0,15.125,active,compatible,herald,compatible,herald,compatible,herald,compatible,active,compatible,active
9.0,15.125,rest,compatible,herald,compatible,herald,compatible,herald,compatible,active,compatible,active
9.0,15.25,active,compatible,herald,compatible,herald,compatible,herald,compatible,active,compatible,active
9.0,15.25,rest,compatible,herald,compatible,herald,compatible,herald,compatible,active,compatible,active
9.0,15.375,active,compatible,herald,compatible,herald,compatible,herald,compatible,active,compatible,active
9.0,15.375,rest,compatible,herald,compatible,herald,compatible,herald,compatible,active,compatible,active
9.0,15.5,active,compatible,herald,compatible,herald,compatible,herald,compatible,active,compatible,active
9.0,15.5,rest,compatible,herald,compatible,herald,compatible,herald,compatible,active,compatible,active
9.0,15.625,active,compatible,herald,compatible,herald,compatible,herald,compatible,active,compatible,active
9.0,15.625,rest,compatible,herald,compatible,herald,compatible,herald,compatible,active,compatible,active
9.0,15.75,active,compatible,herald,compatible,herald,compatible,herald,compatible,active,compatible,active
9.0,15.75,rest,compatible,herald,compatible,herald,compatible,herald,compatible,active,compatible,active
9.0,15.875,active,compatible,herald,compatible,herald,compatible,herald,compatible,active,compatible,active
9.0,15.875,rest,compatible,herald,compatible,herald,compatible,herald,compatible,active,compatible,active
9.0,16.0,active,compatible,herald,compatible,herald,compatible,herald,compatible,active,compatible,active
9.0,16.0,rest,compatible,herald,compatible,herald,compatible,herald,compatible,active,compatible,active
10.0,0.35,active,compatible,active,unrun,unresolved,unrun,unresolved,unrun,unresolved,unrun,unresolved
10.0,0.35,rest,compatible,rest,unrun,unresolved,unrun,unresolved,unrun,unresolved,unrun,unresolved
10.0,0.38125,active,compatible,active,unrun,unresolved,unrun,unresolved,unrun,unresolved,unrun,unresolved
10.0,0.38125,rest,compatible,rest,unrun,unresolved,unrun,unresolved,unrun,unresolved,unrun,unresolved
10.0,0.4125,active,compatible,active,unrun,unresolved,unrun,unresolved,unrun,unresolved,unrun,unresolved
10.0,0.4125,rest,compatible,rest,unrun,unresolved,unrun,unresolved,unrun,unresolved,unrun,unresolved
10.0,0.41640625,active,compatible,active,unrun,unresolved,unrun,unresolved,unrun,unresolved,unrun,unresolved
10.0,0.41640625,rest,compatible,active,unrun,unresolved,unrun,unresolved,unrun,unresolved,unrun,unresolved
10.0,0.4203125,active,compatible,active,unrun,unresolved,unrun,unresolved,unrun,unresolved,unrun,unresolved
10.0,0.4203125,rest,compatible,active,unrun,unresolved,unrun,unresolved,unrun,unresolved,unrun,unresolved
10.0,0.42421875,active,compatible,active,unrun,unresolved,unrun,unresolved,unrun,unresolved,unrun,unresolved
10.0,0.42421875,rest,compatible,active,unrun,unresolved,unrun,unresolved,unrun,unresolved,unrun,unresolved
10.0,0.428125,active,compatible,active,unrun,unresolved,unrun,unresolved,unrun,unresolved,unrun,unresolved
10.0,0.428125,rest,compatible,active,unrun,unresolved,unrun,unresolved,unrun,unresolved,unrun,unresolved
10.0,0.4359375,active,compatible,active,unrun,unresolved,unrun,unresolved,unrun,unresolved,unrun,unresolved
10.0,0.4359375,rest,compatible,active,unrun,unresolved,unrun,unresolved,unrun,unresolved,unrun,unresolved
10.0,0.44375,active,compatible,active,unrun,unresolved,unrun,unresolved,unrun,unresolved,unrun,unresolved
10.0,0.44375,rest,compatible,active,unrun,unresolved,unrun,unresolved,unrun,unresolved,unrun,unresolved
10.0,0.459375,active,compatible,active,unrun,unresolved,unrun,unresolved,unrun,unresolved,unrun,unresolved
10.0,0.459375,rest,compatible,active,unrun,unresolved,unrun,unresolved,unrun,unresolved,unrun,unresolved
10.0,0.475,active,compatible,active,unrun,unresolved,unrun,unresolved,unrun,unresolved,unrun,unresolved
10.0,0.475,rest,compatible,active,unrun,unresolved,unrun,unresolved,unrun,unresolved,unrun,unresolved
10.0,0.5375,active,compatible,active,unrun,unresolved,unrun,unresolved,unrun,unresolved,unrun,unresolved
10.0,0.5375,rest,compatible,active,unrun,unresolved,unrun,unresolved,unrun,unresolved,unrun,unresolved
10.0,0.6,active,compatible,active,unrun,unresolved,unrun,unresolved,unrun,unresolved,unrun,unresolved
10.0,0.6,rest,compatible,active,unrun,unresolved,unrun,unresolved,unrun,unresolved,unrun,unresolved
10.0,0.725,active,compatible,active,unrun,unresolved,unrun,unresolved,unrun,unresolved,unrun,unresolved
10.0,0.725,rest,compatible,active,unrun,unresolved,unrun,unresolved,unrun,unresolved,unrun,unresolved
10.0,0.85,active,compatible,active,unrun,unresolved,unrun,unresolved,unrun,unresolved,unrun,unresolved
10.0,0.85,rest,compatible,active,unrun,unresolved,unrun,unresolved,unrun,unresolved,unrun,unresolved
10.0,0.975,active,compatible,active,unrun,unresolved,unrun,unresolved,unrun,unresolved,unrun,unresolved
10.0,0.975,rest,compatible,active,unrun,unresolved,unrun,unresolved,unrun,unresolved,unrun,unresolved
10.0,1.1,active,compatible,active,unrun,unresolved,unrun,unresolved,unrun,unresolved,unrun,unresolved
10.0,1.1,rest,compatible,active,unrun,unresolved,unrun,unresolved,unrun,unresolved,unrun,unresolved
10.0,1.1625,active,compatible,active,unrun,unresolved,unrun,unresolved,unrun,unresolved,unrun,unresolved
10.0,1.1625,rest,compatible,active,unrun,unresolved,unrun,unresolved,unrun,unresolved,unrun,unresolved
10.0,1.225,active,compatible,active,unrun,unresolved,unrun,unresolved,unrun,unresolved,unrun,unresolved
10.0,1.225,rest,compatible,active,unrun,unresolved,unrun,unresolved,unrun,unresolved,unrun,unresolved
10.0,1.22890625,active,compatible,active,unrun,unresolved,unrun,unresolved,unrun,unresolved,unrun,unresolved
10.0,1.22890625,rest,compatible,active,unrun,unresolved,unrun,unresolved,unrun,unresolved,unrun,unresolved
10.0,1.2328125,active,compatible,herald,compatible,herald,compatible,herald,compatible,active,compatible,active
10.0,1.2328125,rest,compatible,herald,compatible,herald,compatible,herald,compatible,active,compatible,active
10.0,1.23671875,active,compatible,herald,compatible,herald,compatible,herald,compatible,active,compatible,active
10.0,1.23671875,rest,compatible,herald,compatible,herald,compatible,herald,compatible,active,compatible,active
10.0,1.240625,active,compatible,herald,compatible,herald,compatible,herald,compatible,active,compatible,active
10.0,1.240625,rest,compatible,herald,compatible,herald,compatible,herald,compatible,active,compatible,active
10.0,1.2484375,active,compatible,herald,compatible,herald,compatible,herald,compatible,active,compatible,active
10.0,1.2484375,rest,compatible,herald,compatible,herald,compatible,herald,compatible,active,compatible,active
10.0,1.25625,active,compatible,herald,compatible,herald,compatible,herald,compatible,active,compatible,active
10.0,1.25625,rest,compatible,herald,compatible,herald,compatible,herald,compatible,active,compatible,active
10.0,1.271875,active,compatible,herald,compatible,herald,compatible,herald,compatible,active,compatible,active
10.0,1.271875,rest,compatible,herald,compatible,herald,compatible,herald,compatible,active,compatible,active
10.0,1.2875,active,compatible,herald,compatible,herald,compatible,herald,compatible,active,compatible,active
10.0,1.2875,rest,compatible,herald,compatible,herald,compatible,herald,compatible,active,compatible,active
10.0,1.31875,active,compatible,herald,compatible,herald,compatible,herald,compatible,active,compatible,active
10.0,1.31875,rest,compatible,herald,compatible,herald,compatible,herald,compatible,active,compatible,active
10.0,1.35,active,compatible,herald,compatible,herald,compatible,herald,compatible,active,compatible,active
10.0,1.35,rest,compatible,herald,compatible,herald,compatible,herald,compatible,active,compatible,active
10.0,1.475,active,compatible,herald,compatible,herald,compatible,herald,compatible,active,compatible,active
10.0,1.475,rest,compatible,herald,compatible,herald,compatible,herald,compatible,active,compatible,active
10.0,1.6,active,compatible,herald,compatible,herald,compatible,herald,compatible,active,compatible,active
10.0,1.6,rest,compatible,herald,compatible,herald,compatible,herald,compatible,active,compatible,active
10.0,1.725,active,compatible,herald,compatible,herald,compatible,herald,compatible,active,compatible,active
10.0,1.725,rest,compatible,herald,compatible,herald,compatible,herald,compatible,active,compatible,active
10.0,1.85,active,compatible,herald,compatible,herald,compatible,herald,compatible,active,compatible,active
10.0,1.85,rest,compatible,herald,compatible,herald,compatible,herald,compatible,active,compatible,active
10.0,1.975,active,compatible,herald,compatible,herald,compatible,herald,compatible,active,compatible,active
10.0,1.975,rest,compatible,herald,compatible,herald,compatible,herald,compatible,active,compatible,active
10.0,2.1,active,compatible,herald,compatible,herald,compatible,herald,compatible,active,compatible,active
10.0,2.1,rest,compatible,herald,compatible,herald,compatible,herald,compatible,active,compatible,active
10.0,2.225,active,compatible,herald,compatible,herald,compatible,herald,compatible,active,compatible,active
10.0,2.225,rest,compatible,herald,compatible,herald,compatible,herald,compatible,active,compatible,active
10.0,2.35,active,compatible,herald,compatible,herald,compatible,herald,compatible,active,compatible,active
10.0,2.35,rest,compatible,herald,compatible,herald,compatible,herald,compatible,active,compatible,active
10.0,2.475,active,compatible,herald,compatible,herald,compatible,herald,compatible,active,compatible,active
10.0,2.475,rest,compatible,herald,compatible,herald,compatible,herald,compatible,active,compatible,active
10.0,2.6,active,compatible,herald,compatible,herald,compatible,herald,compatible,active,compatible,active
10.0,2.6,rest,compatible,herald,compatible,herald,compatible,herald,compatible,active,compatible,active
10.0,2.725,active,compatible,herald,compatible,herald,compatible,herald,compatible,active,compatible,active
10.0,2.725,rest,compatible,herald,compatible,herald,compatible,herald,compatible,active,compatible,active
10.0,2.85,active,compatible,herald,compatible,herald,compatible,herald,compatible,active,compatible,active
10.0,2.85,rest,compatible,herald,compatible,herald,compatible,herald,compatible,active,compatible,active
10.0,2.975,active,compatible,herald,compatible,herald,compatible,herald,compatible,active,compatible,active
10.0,2.975,rest,compatible,herald,compatible,herald,compatible,herald,compatible,active,compatible,active
10.0,3.1,active,compatible,herald,compatible,herald,compatible,herald,compatible,active,compatible,active
10.0,3.1,rest,compatible,herald,compatible,herald,compatible,herald,compatible,active,compatible,active
10.0,3.225,active,compatible,herald,compatible,herald,compatible,herald,compatible,active,compatible,active
10.0,3.225,rest,compatible,herald,compatible,herald,compatible,herald,compatible,active,compatible,active
10.0,3.35,active,compatible,herald,compatible,herald,compatible,herald,compatible,active,compatible,active
10.0,3.35,rest,compatible,herald,compatible,herald,compatible,herald,compatible,active,compatible,active
10.0,3.475,active,compatible,herald,compatible,herald,compatible,herald,compatible,active,compatible,active
10.0,3.475,rest,compatible,herald,compatible,herald,compatible,herald,compatible,active,compatible,active
10.0,3.6,active,compatible,herald,compatible,herald,compatible,herald,compatible,active,compatible,active
10.0,3.6,rest,compatible,herald,compatible,herald,compatible,herald,compatible,active,compatible,active
10.0,3.725,active,compatible,herald,compatible,herald,compatible,herald,compatible,active,compatible,active
10.0,3.725,rest,compatible,herald,compatible,herald,compatible,herald,compatible,active,compatible,active
10.0,3.85,active,compatible,herald,compatible,herald,compatible,herald,compatible,active,compatible,active
10.0,3.85,rest,compatible,herald,compatible,herald,compatible,herald,compatible,active,compatible,active
10.0,3.975,active,compatible,herald,compatible,herald,compatible,herald,compatible,active,compatible,active
10.0,3.975,rest,compatible,herald,compatible,herald,compatible,herald,compatible,active,compatible,active
10.0,4.1,active,compatible,herald,compatible,herald,compatible,herald,compatible,active,compatible,active
10.0,4.1,rest,compatible,herald,compatible,herald,compatible,herald,compatible,active,compatible,active
10.0,4.225,active,compatible,herald,compatible,herald,compatible,herald,compatible,active,compatible,active
10.0,4.225,rest,compatible,herald,compatible,herald,compatible,herald,compatible,active,compatible,active
10.0,4.35,active,compatible,herald,compatible,herald,compatible,herald,compatible,active,compatible,active
10.0,4.35,rest,compatible,herald,compatible,herald,compatible,herald,compatible,active,compatible,active
10.0,4.475,active,compatible,herald,compatible,herald,compatible,herald,compatible,active,compatible,active
10.0,4.475,rest,compatible,herald,compatible,herald,compatible,herald,compatible,active,compatible,active
10.0,4.6,active,compatible,herald,compatible,herald,compatible,herald,compatible,active,compatible,active
10.0,4.6,rest,compatible,herald,compatible,herald,compatible,herald,compatible,active,compatible,active
10.0,4.725,active,compatible,herald,compatible,herald,compatible,herald,compatible,active,compatible,active
10.0,4.725,rest,compatible,herald,compatible,herald,compatible,herald,compatible,active,compatible,active
10.0,4.85,active,compatible,herald,compatible,herald,compatible,herald,compatible,active,compatible,active
10.0,4.85,rest,compatible,herald,compatible,herald,compatible,herald,compatible,active,compatible,active
10.0,4.975,active,compatible,herald,compatible,herald,compatible,herald,compatible,active,compatible,active
10.0,4.975,rest,compatible,herald,compatible,herald,compatible,herald,compatible,active,compatible,active
10.0,5.1,active,compatible,herald,compatible,herald,compatible,herald,compatible,active,compatible,active
10.0,5.1,rest,compatible,herald,compatible,herald,compatible,herald,compatible,active,compatible,active
10.0,5.225,active,compatible,herald,compatible,herald,compatible,herald,compatible,active,compatible,active
10.0,5.225,rest,compatible,herald,compatible,herald,compatible,herald,compatible,active,compatible,active
10.0,5.35,active,compatible,herald,compatible,herald,compatible,herald,compatible,active,compatible,active
10.0,5.35,rest,compatible,herald,compatible,herald,compatible,herald,compatible,active,compatible,active
10.0,5.475,active,compatible,herald,compatible,herald,compatible,herald,compatible,active,compatible,active
10.0,5.475,rest,compatible,herald,compatible,herald,compatible,herald,compatible,active,compatible,active
10.0,5.6,active,compatible,herald,compatible,herald,compatible,herald,compatible,active,compatible,active
10.0,5.6,rest,compatible,herald,compatible,herald,compatible,herald,compatible,active,compatible,active
10.0,5.725,active,compatible,herald,compatible,herald,compatible,herald,compatible,active,compatible,active
10.0,5.725,rest,compatible,herald,compatible,herald,compatible,herald,compatible,active,compatible,active
10.0,5.85,active,compatible,herald,compatible,herald,compatible,herald,compatible,active,compatible,active
10.0,5.85,rest,compatible,herald,compatible,herald,compatible,herald,compatible,active,compatible,active
10.0,5.975,active,compatible,herald,compatible,herald,compatible,herald,compatible,active,compatible,active
10.0,5.975,rest,compatible,herald,compatible,herald,compatible,herald,compatible,active,compatible,active
10.0,6.1,active,compatible,herald,compatible,herald,compatible,herald,compatible,active,compatible,active
10.0,6.1,rest,compatible,herald,compatible,herald,compatible,herald,compatible,active,compatible,active
10.0,6.225,active,compatible,herald,compatible,herald,compatible,herald,compatible,active,compatible,active
10.0,6.225,rest,compatible,herald,compatible,herald,compatible,herald,compatible,active,compatible,active
10.0,6.35,active,compatible,herald,compatible,herald,compatible,herald,compatible,active,compatible,active
10.0,6.35,rest,compatible,herald,compatible,herald,compatible,herald,compatible,active,compatible,active
10.0,6.475,active,compatible,herald,compatible,herald,compatible,herald,compatible,active,compatible,active
10.0,6.475,rest,compatible,herald,compatible,herald,compatible,herald,compatible,active,compatible,active
10.0,6.6,active,compatible,herald,compatible,herald,compatible,herald,compatible,active,compatible,active
10.0,6.6,rest,compatible,herald,compatible,herald,compatible,herald,compatible,active,compatible,active
10.0,6.725,active,compatible,herald,compatible,herald,compatible,herald,compatible,active,compatible,active
10.0,6.725,rest,compatible,herald,compatible,herald,compatible,herald,compatible,active,compatible,active
10.0,6.85,active,compatible,herald,compatible,herald,compatible,herald,compatible,active,compatible,active
10.0,6.85,rest,compatible,herald,compatible,herald,compatible,herald,compatible,active,compatible,active
10.0,6.975,active,compatible,herald,compatible,herald,compatible,herald,compatible,active,compatible,active
10.0,6.975,rest,compatible,herald,compatible,herald,compatible,herald,compatible,active,compatible,active
10.0,7.1,active,compatible,herald,compatible,herald,compatible,herald,compatible,active,compatible,active
10.0,7.1,rest,compatible,herald,compatible,herald,compatible,herald,compatible,active,compatible,active
10.0,7.225,active,compatible,herald,compatible,herald,compatible,herald,compatible,active,compatible,active
10.0,7.225,rest,compatible,herald,compatible,herald,compatible,herald,compatible,active,compatible,active
10.0,7.35,active,compatible,herald,compatible,herald,compatible,herald,compatible,active,compatible,active
10.0,7.35,rest,compatible,herald,compatible,herald,compatible,herald,compatible,active,compatible,active
10.0,7.475,active,compatible,herald,compatible,herald,compatible,herald,compatible,active,compatible,active
10.0,7.475,rest,compatible,herald,compatible,herald,compatible,herald,compatible,active,compatible,active
10.0,7.6,active,compatible,herald,compatible,herald,compatible,herald,compatible,active,compatible,active
10.0,7.6,rest,compatible,herald,compatible,herald,compatible,herald,compatible,active,compatible,active
10.0,7.725,active,compatible,herald,compatible,herald,compatible,herald,compatible,active,compatible,active
10.0,7.725,rest,compatible,herald,compatible,herald,compatible,herald,compatible,active,compatible,active
10.0,7.85,active,compatible,herald,compatible,herald,compatible,herald,compatible,active,compatible,active
10.0,7.85,rest,compatible,herald,compatible,herald,compatible,herald,compatible,active,compatible,active
10.0,7.925,active,compatible,herald,compatible,herald,compatible,herald,compatible,active,compatible,active
10.0,7.925,rest,compatible,herald,compatible,herald,compatible,herald,compatible,active,compatible,active
10.0,8.0,active,compatible,herald,compatible,herald,compatible,herald,compatible,active,compatible,active
10.0,8.0,rest,compatible,herald,compatible,herald,compatible,herald,compatible,active,compatible,active
10.0,8.125,active,compatible,herald,compatible,herald,compatible,herald,compatible,active,compatible,active
10.0,8.125,rest,compatible,herald,compatible,herald,compatible,herald,compatible,active,compatible,active
10.0,8.25,active,compatible,herald,compatible,herald,compatible,herald,compatible,active,compatible,active
10.0,8.25,rest,compatible,herald,compatible,herald,compatible,herald,compatible,active,compatible,active
10.0,8.375,active,compatible,herald,compatible,herald,compatible,herald,compatible,active,compatible,active
10.0,8.375,rest,compatible,herald,compatible,herald,compatible,herald,compatible,active,compatible,active
10.0,8.5,active,compatible,herald,compatible,herald,compatible,herald,compatible,active,compatible,active
10.0,8.5,rest,compatible,herald,compatible,herald,compatible,herald,compatible,active,compatible,active
10.0,8.625,active,compatible,herald,compatible,herald,compatible,herald,compatible,active,compatible,active
10.0,8.625,rest,compatible,herald,compatible,herald,compatible,herald,compatible,active,compatible,active
10.0,8.75,active,compatible,herald,compatible,herald,compatible,herald,compatible,active,compatible,active
10.0,8.75,rest,compatible,herald,compatible,herald,compatible,herald,compatible,active,compatible,active
10.0,8.875,active,compatible,herald,compatible,herald,compatible,herald,compatible,active,compatible,active
10.0,8.875,rest,compatible,herald,compatible,herald,compatible,herald,compatible,active,compatible,active
10.0,9.0,active,compatible,herald,compatible,herald,compatible,herald,compatible,active,compatible,active
10.0,9.0,rest,compatible,herald,compatible,herald,compatible,herald,compatible,active,compatible,active
10.0,9.125,active,compatible,herald,compatible,herald,compatible,herald,compatible,active,compatible,active
10.0,9.125,rest,compatible,herald,compatible,herald,compatible,herald,compatible,active,compatible,active
10.0,9.25,active,compatible,herald,compatible,herald,compatible,herald,compatible,active,compatible,active
10.0,9.25,rest,compatible,herald,compatible,herald,compatible,herald,compatible,active,compatible,active
10.0,9.375,active,compatible,herald,compatible,herald,compatible,herald,compatible,active,compatible,active
10.0,9.375,rest,compatible,herald,compatible,herald,compatible,herald,compatible,active,compatible,active
10.0,9.5,active,compatible,herald,compatible,herald,compatible,herald,compatible,active,compatible,active
10.0,9.5,rest,compatible,herald,compatible,herald,compatible,herald,compatible,active,compatible,active
10.0,9.625,active,compatible,herald,compatible,herald,compatible,herald,compatible,active,compatible,active
10.0,9.625,rest,compatible,herald,compatible,herald,compatible,herald,compatible,active,compatible,active
10.0,9.75,active,compatible,herald,compatible,herald,compatible,herald,compatible,active,compatible,active
10.0,9.75,rest,compatible,herald,compatible,herald,compatible,herald,compatible,active,compatible,active
10.0,9.875,active,compatible,herald,compatible,herald,compatible,herald,compatible,active,compatible,active
10.0,9.875,rest,compatible,herald,compatible,herald,compatible,herald,compatible,active,compatible,active
10.0,10.0,active,compatible,herald,compatible,herald,compatible,herald,compatible,active,compatible,active
10.0,10.0,rest,compatible,herald,compatible,herald,compatible,herald,compatible,active,compatible,active
10.0,10.125,active,compatible,herald,compatible,herald,compatible,herald,compatible,active,compatible,active
10.0,10.125,rest,compatible,herald,compatible,herald,compatible,herald,compatible,active,compatible,active
10.0,10.25,active,compatible,herald,compatible,herald,compatible,herald,compatible,active,compatible,active
10.0,10.25,rest,compatible,herald,compatible,herald,compatible,herald,compatible,active,compatible,active
10.0,10.375,active,compatible,herald,compatible,herald,compatible,herald,compatible,active,compatible,active
10.0,10.375,rest,compatible,herald,compatible,herald,compatible,herald,compatible,active,compatible,active
10.0,10.5,active,compatible,herald,compatible,herald,compatible,herald,compatible,active,compatible,active
10.0,10.5,rest,compatible,herald,compatible,herald,compatible,herald,compatible,active,compatible,active
10.0,10.625,active,compatible,herald,compatible,herald,compatible,herald,compatible,active,compatible,active
10.0,10.625,rest,compatible,herald,compatible,herald,compatible,herald,compatible,active,compatible,active
10.0,10.75,active,compatible,herald,compatible,herald,compatible,herald,compatible,active,compatible,active
10.0,10.75,rest,compatible,herald,compatible,herald,compatible,herald,compatible,active,compatible,active
10.0,10.875,active,compatible,herald,compatible,herald,compatible,herald,compatible,active,compatible,active
10.0,10.875,rest,compatible,herald,compatible,herald,compatible,herald,compatible,active,compatible,active
10.0,11.0,active,compatible,herald,compatible,herald,compatible,herald,compatible,active,compatible,active
10.0,11.0,rest,compatible,herald,compatible,herald,compatible,herald,compatible,active,compatible,active
10.0,11.125,active,compatible,herald,compatible,herald,compatible,herald,compatible,active,compatible,active
10.0,11.125,rest,compatible,herald,compatible,herald,compatible,herald,compatible,active,compatible,active
10.0,11.25,active,compatible,herald,compatible,herald,compatible,herald,compatible,active,compatible,active
10.0,11.25,rest,compatible,herald,compatible,herald,compatible,herald,compatible,active,compatible,active
10.0,11.375,active,compatible,herald,compatible,herald,compatible,herald,compatible,active,compatible,active
10.0,11.375,rest,compatible,herald,compatible,herald,compatible,herald,compatible,active,compatible,active
10.0,11.5,active,compatible,herald,compatible,herald,compatible,herald,compatible,active,compatible,active
10.0,11.5,rest,compatible,herald,compatible,herald,compatible,herald,compatible,active,compatible,active
10.0,11.625,active,compatible,herald,compatible,herald,compatible,herald,compatible,active,compatible,active
10.0,11.625,rest,compatible,herald,compatible,herald,compatible,herald,compatible,active,compatible,active
10.0,11.75,active,compatible,herald,compatible,herald,compatible,herald,compatible,active,compatible,active
10.0,11.75,rest,compatible,herald,compatible,herald,compatible,herald,compatible,active,compatible,active
10.0,11.875,active,compatible,herald,compatible,herald,compatible,herald,compatible,active,compatible,active
10.0,11.875,rest,compatible,herald,compatible,herald,compatible,herald,compatible,active,compatible,active
10.0,12.0,active,compatible,herald,compatible,herald,compatible,herald,compatible,active,compatible,active
10.0,12.0,rest,compatible,herald,compatible,herald,compatible,herald,compatible,active,compatible,active
10.0,12.125,active,compatible,herald,compatible,herald,compatible,herald,compatible,active,compatible,active
10.0,12.125,rest,compatible,herald,compatible,herald,compatible,herald,compatible,active,compatible,active
10.0,12.25,active,compatible,herald,compatible,herald,compatible,herald,compatible,active,compatible,active
10.0,12.25,rest,compatible,herald,compatible,herald,compatible,herald,compatible,active,compatible,active
10.0,12.375,active,compatible,herald,compatible,herald,compatible,herald,compatible,active,compatible,active
10.0,12.375,rest,compatible,herald,compatible,herald,compatible,herald,compatible,active,compatible,active
10.0,12.5,active,compatible,herald,compatible,herald,compatible,herald,compatible,active,compatible,active
10.0,12.5,rest,compatible,herald,compatible,herald,compatible,herald,compatible,active,compatible,active
10.0,12.625,active,compatible,herald,compatible,herald,compatible,herald,compatible,active,compatible,active
10.0,12.625,rest,compatible,herald,compatible,herald,compatible,herald,compatible,active,compatible,active
10.0,12.75,active,compatible,herald,compatible,herald,compatible,herald,compatible,active,compatible,active
10.0,12.75,rest,compatible,herald,compatible,herald,compatible,herald,compatible,active,compatible,active
10.0,12.875,active,compatible,herald,compatible,herald,compatible,herald,compatible,active,compatible,active
10.0,12.875,rest,compatible,herald,compatible,herald,compatible,herald,compatible,active,compatible,active
10.0,13.0,active,compatible,herald,compatible,herald,compatible,herald,compatible,active,compatible,active
10.0,13.0,rest,compatible,herald,compatible,herald,compatible,herald,compatible,active,compatible,active
10.0,13.125,active,compatible,herald,compatible,herald,compatible,herald,compatible,active,compatible,active
10.0,13.125,rest,compatible,herald,compatible,herald,compatible,herald,compatible,active,compatible,active
10.0,13.25,active,compatible,herald,compatible,herald,compatible,herald,compatible,active,compatible,active
10.0,13.25,rest,compatible,herald,compatible,herald,compatible,herald,compatible,active,compatible,active
10.0,13.375,active,compatible,herald,compatible,herald,compatible,herald,compatible,active,compatible,active
10.0,13.375,rest,compatible,herald,compatible,herald,compatible,herald,compatible,active,compatible,active
10.0,13.5,active,compatible,herald,compatible,herald,compatible,herald,compatible,active,compatible,active
10.0,13.5,rest,compatible,herald,compatible,herald,compatible,herald,compatible,active,compatible,active
10.0,13.625,active,compatible,herald,compatible,herald,compatible,herald,compatible,active,compatible,active
10.0,13.625,rest,compatible,herald,compatible,herald,compatible,herald,compatible,active,compatible,active
10.0,13.75,active,compatible,herald,compatible,herald,compatible,herald,compatible,active,compatible,active
10.0,13.75,rest,compatible,herald,compatible,herald,compatible,herald,compatible,active,compatible,active
10.0,13.875,active,compatible,herald,compatible,herald,compatible,herald,compatible,active,compatible,active
10.0,13.875,rest,compatible,herald,compatible,herald,compatible,herald,compatible,active,compatible,active
10.0,14.0,active,compatible,herald,compatible,herald,compatible,herald,compatible,active,compatible,active
10.0,14.0,rest,compatible,herald,compatible,herald,compatible,herald,compatible,active,compatible,active
10.0,14.125,active,compatible,herald,compatible,herald,compatible,herald,compatible,active,compatible,active
10.0,14.125,rest,compatible,herald,compatible,herald,compatible,herald,compatible,active,compatible,active
10.0,14.25,active,compatible,herald,compatible,herald,compatible,herald,compatible,active,compatible,active
10.0,14.25,rest,compatible,herald,compatible,herald,compatible,herald,compatible,active,compatible,active
10.0,14.375,active,compatible,herald,compatible,herald,compatible,herald,compatible,active,compatible,active
10.0,14.375,rest,compatible,herald,compatible,herald,compatible,herald,compatible,active,compatible,active
10.0,14.5,active,compatible,herald,compatible,herald,compatible,herald,compatible,active,compatible,active
10.0,14.5,rest,compatible,herald,compatible,herald,compatible,herald,compatible,active,compatible,active
10.0,14.625,active,compatible,herald,compatible,herald,compatible,herald,compatible,active,compatible,active
10.0,14.625,rest,compatible,herald,compatible,herald,compatible,herald,compatible,active,compatible,active
10.0,14.75,active,compatible,herald,compatible,herald,compatible,herald,compatible,active,compatible,active
10.0,14.75,rest,compatible,herald,compatible,herald,compatible,herald,compatible,active,compatible,active
10.0,14.875,active,compatible,herald,compatible,herald,compatible,herald,compatible,active,compatible,active
10.0,14.875,rest,compatible,herald,compatible,herald,compatible,herald,compatible,active,compatible,active
10.0,15.0,active,compatible,herald,compatible,herald,compatible,herald,compatible,active,compatible,active
10.0,15.0,rest,compatible,herald,compatible,herald,compatible,herald,compatible,active,compatible,active
10.0,15.125,active,compatible,herald,compatible,herald,compatible,herald,compatible,active,compatible,active
10.0,15.125,rest,compatible,herald,compatible,herald,compatible,herald,compatible,active,compatible,active
10.0,15.25,active,compatible,herald,compatible,herald,compatible,herald,compatible,active,compatible,active
10.0,15.25,rest,compatible,herald,compatible,herald,compatible,herald,compatible,active,compatible,active
10.0,15.375,active,compatible,herald,compatible,herald,compatible,herald,compatible,active,compatible,active
10.0,15.375,rest,compatible,herald,compatible,herald,compatible,herald,compatible,active,compatible,active
10.0,15.5,active,compatible,herald,compatible,herald,compatible,herald,compatible,active,compatible,active
10.0,15.5,rest,compatible,herald,compatible,herald,compatible,herald,compatible,active,compatible,active
10.0,15.625,active,compatible,herald,compatible,herald,compatible,herald,compatible,active,compatible,active
10.0,15.625,rest,compatible,herald,compatible,herald,compatible,herald,compatible,active,compatible,active
10.0,15.75,active,compatible,herald,compatible,herald,compatible,herald,compatible,active,compatible,active
10.0,15.75,rest,compatible,herald,compatible,herald,compatible,herald,compatible,active,compatible,active
10.0,15.875,active,compatible,herald,compatible,herald,compatible,herald,compatible,active,compatible,active
10.0,15.875,rest,compatible,herald,compatible,herald,compatible,herald,compatible,active,compatible,active
10.0,16.0,active,compatible,herald,compatible,herald,compatible,herald,compatible,active,compatible,active
10.0,16.0,rest,compatible,herald,compatible,herald,compatible,herald,compatible,active,compatible,active
12.0,0.35,active,compatible,active,unrun,unresolved,unrun,unresolved,unrun,unresolved,unrun,unresolved
12.0,0.35,rest,compatible,rest,unrun,unresolved,unrun,unresolved,unrun,unresolved,unrun,unresolved
12.0,0.38125,active,compatible,active,unrun,unresolved,unrun,unresolved,unrun,unresolved,unrun,unresolved
12.0,0.38125,rest,compatible,rest,unrun,unresolved,unrun,unresolved,unrun,unresolved,unrun,unresolved
12.0,0.4125,active,compatible,active,unrun,unresolved,unrun,unresolved,unrun,unresolved,unrun,unresolved
12.0,0.4125,rest,compatible,rest,unrun,unresolved,unrun,unresolved,unrun,unresolved,unrun,unresolved
12.0,0.41640625,active,compatible,active,unrun,unresolved,unrun,unresolved,unrun,unresolved,unrun,unresolved
12.0,0.41640625,rest,compatible,active,unrun,unresolved,unrun,unresolved,unrun,unresolved,unrun,unresolved
12.0,0.4203125,active,compatible,active,unrun,unresolved,unrun,unresolved,unrun,unresolved,unrun,unresolved
12.0,0.4203125,rest,compatible,active,unrun,unresolved,unrun,unresolved,unrun,unresolved,unrun,unresolved
12.0,0.42421875,active,compatible,active,unrun,unresolved,unrun,unresolved,unrun,unresolved,unrun,unresolved
12.0,0.42421875,rest,compatible,active,unrun,unresolved,unrun,unresolved,unrun,unresolved,unrun,unresolved
12.0,0.428125,active,compatible,active,unrun,unresolved,unrun,unresolved,unrun,unresolved,unrun,unresolved
12.0,0.428125,rest,compatible,active,unrun,unresolved,unrun,unresolved,unrun,unresolved,unrun,unresolved
12.0,0.4359375,active,compatible,active,unrun,unresolved,unrun,unresolved,unrun,unresolved,unrun,unresolved
12.0,0.4359375,rest,compatible,active,unrun,unresolved,unrun,unresolved,unrun,unresolved,unrun,unresolved
12.0,0.44375,active,compatible,active,unrun,unresolved,unrun,unresolved,unrun,unresolved,unrun,unresolved
12.0,0.44375,rest,compatible,active,unrun,unresolved,unrun,unresolved,unrun,unresolved,unrun,unresolved
12.0,0.459375,active,compatible,active,unrun,unresolved,unrun,unresolved,unrun,unresolved,unrun,unresolved
12.0,0.459375,rest,compatible,active,unrun,unresolved,unrun,unresolved,unrun,unresolved,unrun,unresolved
12.0,0.475,active,compatible,active,unrun,unresolved,unrun,unresolved,unrun,unresolved,unrun,unresolved
12.0,0.475,rest,compatible,active,unrun,unresolved,unrun,unresolved,unrun,unresolved,unrun,unresolved
12.0,0.5375,active,compatible,active,unrun,unresolved,unrun,unresolved,unrun,unresolved,unrun,unresolved
12.0,0.5375,rest,compatible,active,unrun,unresolved,unrun,unresolved,unrun,unresolved,unrun,unresolved
12.0,0.6,active,compatible,active,unrun,unresolved,unrun,unresolved,unrun,unresolved,unrun,unresolved
12.0,0.6,rest,compatible,active,unrun,unresolved,unrun,unresolved,unrun,unresolved,unrun,unresolved
12.0,0.725,active,compatible,active,unrun,unresolved,unrun,unresolved,unrun,unresolved,unrun,unresolved
12.0,0.725,rest,compatible,active,unrun,unresolved,unrun,unresolved,unrun,unresolved,unrun,unresolved
12.0,0.85,active,compatible,active,unrun,unresolved,unrun,unresolved,unrun,unresolved,unrun,unresolved
12.0,0.85,rest,compatible,active,unrun,unresolved,unrun,unresolved,unrun,unresolved,unrun,unresolved
12.0,0.975,active,compatible,active,unrun,unresolved,unrun,unresolved,unrun,unresolved,unrun,unresolved
12.0,0.975,rest,compatible,active,unrun,unresolved,unrun,unresolved,unrun,unresolved,unrun,unresolved
12.0,1.1,active,compatible,active,unrun,unresolved,unrun,unresolved,unrun,unresolved,unrun,unresolved
12.0,1.1,rest,compatible,active,unrun,unresolved,unrun,unresolved,unrun,unresolved,unrun,unresolved
12.0,1.1625,active,compatible,active,unrun,unresolved,unrun,unresolved,unrun,unresolved,unrun,unresolved
12.0,1.1625,rest,compatible,active,unrun,unresolved,unrun,unresolved,unrun,unresolved,unrun,unresolved
12.0,1.225,active,compatible,active,unrun,unresolved,unrun,unresolved,unrun,unresolved,unrun,unresolved
12.0,1.225,rest,compatible,active,unrun,unresolved,unrun,unresolved,unrun,unresolved,unrun,unresolved
12.0,1.22890625,active,compatible,active,unrun,unresolved,unrun,unresolved,unrun,unresolved,unrun,unresolved
12.0,1.22890625,rest,compatible,active,unrun,unresolved,unrun,unresolved,unrun,unresolved,unrun,unresolved
12.0,1.2328125,active,compatible,herald,compatible,herald,compatible,herald,compatible,active,compatible,active
12.0,1.2328125,rest,compatible,herald,compatible,herald,compatible,herald,compatible,active,compatible,active
12.0,1.23671875,active,compatible,herald,compatible,herald,compatible,herald,compatible,active,compatible,active
12.0,1.23671875,rest,compatible,herald,compatible,herald,compatible,herald,compatible,active,compatible,active
12.0,1.240625,active,compatible,herald,compatible,herald,compatible,herald,compatible,active,compatible,active
12.0,1.240625,rest,compatible,herald,compatible,herald,compatible,herald,compatible,active,compatible,active
12.0,1.2484375,active,compatible,herald,compatible,herald,compatible,herald,compatible,active,compatible,active
12.0,1.2484375,rest,compatible,herald,compatible,herald,compatible,herald,compatible,active,compatible,active
12.0,1.25625,active,compatible,herald,compatible,herald,compatible,herald,compatible,active,compatible,active
12.0,1.25625,rest,compatible,herald,compatible,herald,compatible,herald,compatible,active,compatible,active
12.0,1.271875,active,compatible,herald,compatible,herald,compatible,herald,compatible,active,compatible,active
12.0,1.271875,rest,compatible,herald,compatible,herald,compatible,herald,compatible,active,compatible,active
12.0,1.2875,active,compatible,herald,compatible,herald,compatible,herald,compatible,active,compatible,active
12.0,1.2875,rest,compatible,herald,compatible,herald,compatible,herald,compatible,active,compatible,active
12.0,1.31875,active,compatible,herald,compatible,herald,compatible,herald,compatible,active,compatible,active
12.0,1.31875,rest,compatible,herald,compatible,herald,compatible,herald,compatible,active,compatible,active
12.0,1.35,active,compatible,herald,compatible,herald,compatible,herald,compatible,active,compatible,active
12.0,1.35,rest,compatible,herald,compatible,herald,compatible,herald,compatible,active,compatible,active
12.0,1.475,active,compatible,herald,compatible,herald,compatible,herald,compatible,active,compatible,active
12.0,1.475,rest,compatible,herald,compatible,herald,compatible,herald,compatible,active,compatible,active
12.0,1.6,active,compatible,herald,compatible,herald,compatible,herald,compatible,active,compatible,active
12.0,1.6,rest,compatible,herald,compatible,herald,compatible,herald,compatible,active,compatible,active
12.0,1.725,active,compatible,herald,compatible,herald,compatible,herald,compatible,active,compatible,active
12.0,1.725,rest,compatible,herald,compatible,herald,compatible,herald,compatible,active,compatible,active
12.0,1.85,active,compatible,herald,compatible,herald,compatible,herald,compatible,active,compatible,active
12.0,1.85,rest,compatible,herald,compatible,herald,compatible,herald,compatible,active,compatible,active
12.0,1.975,active,compatible,herald,compatible,herald,compatible,herald,compatible,active,compatible,active
12.0,1.975,rest,compatible,herald,compatible,herald,compatible,herald,compatible,active,compatible,active
12.0,2.1,active,compatible,herald,compatible,herald,compatible,herald,compatible,active,compatible,active
12.0,2.1,rest,compatible,herald,compatible,herald,compatible,herald,compatible,active,compatible,active
12.0,2.225,active,compatible,herald,compatible,herald,compatible,herald,compatible,active,compatible,active
12.0,2.225,rest,compatible,herald,compatible,herald,compatible,herald,compatible,active,compatible,active
12.0,2.35,active,compatible,herald,compatible,herald,compatible,herald,compatible,active,compatible,active
12.0,2.35,rest,compatible,herald,compatible,herald,compatible,herald,compatible,active,compatible,active
12.0,2.475,active,compatible,herald,compatible,herald,compatible,herald,compatible,active,compatible,active
12.0,2.475,rest,compatible,herald,compatible,herald,compatible,herald,compatible,active,compatible,active
12.0,2.6,active,compatible,herald,compatible,herald,compatible,herald,compatible,active,compatible,active
12.0,2.6,rest,compatible,herald,compatible,herald,compatible,herald,compatible,active,compatible,active
12.0,2.725,active,compatible,herald,compatible,herald,compatible,herald,compatible,active,compatible,active
12.0,2.725,rest,compatible,herald,compatible,herald,compatible,herald,compatible,active,compatible,active
12.0,2.85,active,compatible,herald,compatible,herald,compatible,herald,compatible,active,compatible,active
12.0,2.85,rest,compatible,herald,compatible,herald,compatible,herald,compatible,active,compatible,active
12.0,2.975,active,compatible,herald,compatible,herald,compatible,herald,compatible,active,compatible,active
12.0,2.975,rest,compatible,herald,compatible,herald,compatible,herald,compatible,active,compatible,active
12.0,3.1,active,compatible,herald,compatible,herald,compatible,herald,compatible,active,compatible,active
12.0,3.1,rest,compatible,herald,compatible,herald,compatible,herald,compatible,active,compatible,active
12.0,3.225,active,compatible,herald,compatible,herald,compatible,herald,compatible,active,compatible,active
12.0,3.225,rest,compatible,herald,compatible,herald,compatible,herald,compatible,active,compatible,active
12.0,3.35,active,compatible,herald,compatible,herald,compatible,herald,compatible,active,compatible,active
12.0,3.35,rest,compatible,herald,compatible,herald,compatible,herald,compatible,active,compatible,active
12.0,3.475,active,compatible,herald,compatible,herald,compatible,herald,compatible,active,compatible,active
12.0,3.475,rest,compatible,herald,compatible,herald,compatible,herald,compatible,active,compatible,active
12.0,3.6,active,compatible,herald,compatible,herald,compatible,herald,compatible,active,compatible,active
12.0,3.6,rest,compatible,herald,compatible,herald,compatible,herald,compatible,active,compatible,active
12.0,3.725,active,compatible,herald,compatible,herald,compatible,herald,compatible,active,compatible,active
12.0,3.725,rest,compatible,herald,compatible,herald,compatible,herald,compatible,active,compatible,active
12.0,3.85,active,compatible,herald,compatible,herald,compatible,herald,compatible,active,compatible,active
12.0,3.85,rest,compatible,herald,compatible,herald,compatible,herald,compatible,active,compatible,active
12.0,3.975,active,compatible,herald,compatible,herald,compatible,herald,compatible,active,compatible,active
12.0,3.975,rest,compatible,herald,compatible,herald,compatible,herald,compatible,active,compatible,active
12.0,4.1,active,compatible,herald,compatible,herald,compatible,herald,compatible,active,compatible,active
12.0,4.1,rest,compatible,herald,compatible,herald,compatible,herald,compatible,active,compatible,active
12.0,4.225,active,compatible,herald,compatible,herald,compatible,herald,compatible,active,compatible,active
12.0,4.225,rest,compatible,herald,compatible,herald,compatible,herald,compatible,active,compatible,active
12.0,4.35,active,compatible,herald,compatible,herald,compatible,herald,compatible,active,compatible,active
12.0,4.35,rest,compatible,herald,compatible,herald,compatible,herald,compatible,active,compatible,active
12.0,4.475,active,compatible,herald,compatible,herald,compatible,herald,compatible,active,compatible,active
12.0,4.475,rest,compatible,herald,compatible,herald,compatible,herald,compatible,active,compatible,active
12.0,4.6,active,compatible,herald,compatible,herald,compatible,herald,compatible,active,compatible,active
12.0,4.6,rest,compatible,herald,compatible,herald,compatible,herald,compatible,active,compatible,active
12.0,4.725,active,compatible,herald,compatible,herald,compatible,herald,compatible,active,compatible,active
12.0,4.725,rest,compatible,herald,compatible,herald,compatible,herald,compatible,active,compatible,active
12.0,4.85,active,compatible,herald,compatible,herald,compatible,herald,compatible,active,compatible,active
12.0,4.85,rest,compatible,herald,compatible,herald,compatible,herald,compatible,active,compatible,active
12.0,4.975,active,compatible,herald,compatible,herald,compatible,herald,compatible,active,compatible,active
12.0,4.975,rest,compatible,herald,compatible,herald,compatible,herald,compatible,active,compatible,active
12.0,5.1,active,compatible,herald,compatible,herald,compatible,herald,compatible,active,compatible,active
12.0,5.1,rest,compatible,herald,compatible,herald,compatible,herald,compatible,active,compatible,active
12.0,5.225,active,compatible,herald,compatible,herald,compatible,herald,compatible,active,compatible,active
12.0,5.225,rest,compatible,herald,compatible,herald,compatible,herald,compatible,active,compatible,active
12.0,5.35,active,compatible,herald,compatible,herald,compatible,herald,compatible,active,compatible,active
12.0,5.35,rest,compatible,herald,compatible,herald,compatible,herald,compatible,active,compatible,active
12.0,5.475,active,compatible,herald,compatible,herald,compatible,herald,compatible,active,compatible,active
12.0,5.475,rest,compatible,herald,compatible,herald,compatible,herald,compatible,active,compatible,active
12.0,5.6,active,compatible,herald,compatible,herald,compatible,herald,compatible,active,compatible,active
12.0,5.6,rest,compatible,herald,compatible,herald,compatible,herald,compatible,active,compatible,active
12.0,5.725,active,compatible,herald,compatible,herald,compatible,herald,compatible,active,compatible,active
12.0,5.725,rest,compatible,herald,compatible,herald,compatible,herald,compatible,active,compatible,active
12.0,5.85,active,compatible,herald,compatible,herald,compatible,herald,compatible,active,compatible,active
12.0,5.85,rest,compatible,herald,compatible,herald,compatible,herald,compatible,active,compatible,active
12.0,5.975,active,compatible,herald,compatible,herald,compatible,herald,compatible,active,compatible,active
12.0,5.975,rest,compatible,herald,compatible,herald,compatible,herald,compatible,active,compatible,active
12.0,6.1,active,compatible,herald,compatible,herald,compatible,herald,compatible,active,compatible,active
12.0,6.1,rest,compatible,herald,compatible,herald,compatible,herald,compatible,active,compatible,active
12.0,6.225,active,compatible,herald,compatible,herald,compatible,herald,compatible,active,compatible,active
12.0,6.225,rest,compatible,herald,compatible,herald,compatible,herald,compatible,active,compatible,active
12.0,6.35,active,compatible,herald,compatible,herald,compatible,herald,compatible,active,compatible,active
12.0,6.35,rest,compatible,herald,compatible,herald,compatible,herald,compatible,active,compatible,active
12.0,6.475,active,compatible,herald,compatible,herald,compatible,herald,compatible,active,compatible,active
12.0,6.475,rest,compatible,herald,compatible,herald,compatible,herald,compatible,active,compatible,active
12.0,6.6,active,compatible,herald,compatible,herald,compatible,herald,compatible,active,compatible,active
12.0,6.6,rest,compatible,herald,compatible,herald,compatible,herald,compatible,active,compatible,active
12.0,6.725,active,compatible,herald,compatible,herald,compatible,herald,compatible,active,compatible,active
12.0,6.725,rest,compatible,herald,compatible,herald,compatible,herald,compatible,active,compatible,active
12.0,6.85,active,compatible,herald,compatible,herald,compatible,herald,compatible,active,compatible,active
12.0,6.85,rest,compatible,herald,compatible,herald,compatible,herald,compatible,active,compatible,active
12.0,6.975,active,compatible,herald,compatible,herald,compatible,herald,compatible,active,compatible,active
12.0,6.975,rest,compatible,herald,compatible,herald,compatible,herald,compatible,active,compatible,active
12.0,7.1,active,compatible,herald,compatible,herald,compatible,herald,compatible,active,compatible,active
12.0,7.1,rest,compatible,herald,compatible,herald,compatible,herald,compatible,active,compatible,active
12.0,7.225,active,compatible,herald,compatible,herald,compatible,herald,compatible,active,compatible,active
12.0,7.225,rest,compatible,herald,compatible,herald,compatible,herald,compatible,active,compatible,active
12.0,7.35,active,compatible,herald,compatible,herald,compatible,herald,compatible,active,compatible,active
12.0,7.35,rest,compatible,herald,compatible,herald,compatible,herald,compatible,active,compatible,active
12.0,7.475,active,compatible,herald,compatible,herald,compatible,herald,compatible,active,compatible,active
12.0,7.475,rest,compatible,herald,compatible,herald,compatible,herald,compatible,active,compatible,active
12.0,7.6,active,compatible,herald,compatible,herald,compatible,herald,compatible,active,compatible,active
12.0,7.6,rest,compatible,herald,compatible,herald,compatible,herald,compatible,active,compatible,active
12.0,7.725,active,compatible,herald,compatible,herald,compatible,herald,compatible,active,compatible,active
12.0,7.725,rest,compatible,herald,compatible,herald,compatible,herald,compatible,active,compatible,active
12.0,7.85,active,compatible,herald,compatible,herald,compatible,herald,compatible,active,compatible,active
12.0,7.85,rest,compatible,herald,compatible,herald,compatible,herald,compatible,active,compatible,active
12.0,7.925,active,compatible,herald,compatible,herald,compatible,herald,compatible,active,compatible,active
12.0,7.925,rest,compatible,herald,compatible,herald,compatible,herald,compatible,active,compatible,active
12.0,8.0,active,compatible,herald,compatible,herald,compatible,herald,compatible,active,compatible,active
12.0,8.0,rest,compatible,herald,compatible,herald,compatible,herald,compatible,active,compatible,active
12.0,8.125,active,compatible,herald,compatible,herald,compatible,herald,compatible,active,compatible,active
12.0,8.125,rest,compatible,herald,compatible,herald,compatible,herald,compatible,active,compatible,active
12.0,8.25,active,compatible,herald,compatible,herald,compatible,herald,compatible,active,compatible,active
12.0,8.25,rest,compatible,herald,compatible,herald,compatible,herald,compatible,active,compatible,active
12.0,8.375,active,compatible,herald,compatible,herald,compatible,herald,compatible,active,compatible,active
12.0,8.375,rest,compatible,herald,compatible,herald,compatible,herald,compatible,active,compatible,active
12.0,8.5,active,compatible,herald,compatible,herald,compatible,herald,compatible,active,compatible,active
12.0,8.5,rest,compatible,herald,compatible,herald,compatible,herald,compatible,active,compatible,active
12.0,8.625,active,compatible,herald,compatible,herald,compatible,herald,compatible,active,compatible,active
12.0,8.625,rest,compatible,herald,compatible,herald,compatible,herald,compatible,active,compatible,active
12.0,8.75,active,compatible,herald,compatible,herald,compatible,herald,compatible,active,compatible,active
12.0,8.75,rest,compatible,herald,compatible,herald,compatible,herald,compatible,active,compatible,active
12.0,8.875,active,compatible,herald,compatible,herald,compatible,herald,compatible,active,compatible,active
12.0,8.875,rest,compatible,herald,compatible,herald,compatible,herald,compatible,active,compatible,active
12.0,9.0,active,compatible,herald,compatible,herald,compatible,herald,compatible,active,compatible,active
12.0,9.0,rest,compatible,herald,compatible,herald,compatible,herald,compatible,active,compatible,active
12.0,9.125,active,compatible,herald,compatible,herald,compatible,herald,compatible,active,compatible,active
12.0,9.125,rest,compatible,herald,compatible,herald,compatible,herald,compatible,active,compatible,active
12.0,9.25,active,compatible,herald,compatible,herald,compatible,herald,compatible,active,compatible,active
12.0,9.25,rest,compatible,herald,compatible,herald,compatible,herald,compatible,active,compatible,active
12.0,9.375,active,compatible,herald,compatible,herald,compatible,herald,compatible,active,compatible,active
12.0,9.375,rest,compatible,herald,compatible,herald,compatible,herald,compatible,active,compatible,active
12.0,9.5,active,compatible,herald,compatible,herald,compatible,herald,compatible,active,compatible,active
12.0,9.5,rest,compatible,herald,compatible,herald,compatible,herald,compatible,active,compatible,active
12.0,9.625,active,compatible,herald,compatible,herald,compatible,herald,compatible,active,compatible,active
12.0,9.625,rest,compatible,herald,compatible,herald,compatible,herald,compatible,active,compatible,active
12.0,9.75,active,compatible,herald,compatible,herald,compatible,herald,compatible,active,compatible,active
12.0,9.75,rest,compatible,herald,compatible,herald,compatible,herald,compatible,active,compatible,active
12.0,9.875,active,compatible,herald,compatible,herald,compatible,herald,compatible,active,compatible,active
12.0,9.875,rest,compatible,herald,compatible,herald,compatible,herald,compatible,active,compatible,active
12.0,10.0,active,compatible,herald,compatible,herald,compatible,herald,compatible,active,compatible,active
12.0,10.0,rest,compatible,herald,compatible,herald,compatible,herald,compatible,active,compatible,active
12.0,10.125,active,compatible,herald,compatible,herald,compatible,herald,compatible,active,compatible,active
12.0,10.125,rest,compatible,herald,compatible,herald,compatible,herald,compatible,active,compatible,active
12.0,10.25,active,compatible,herald,compatible,herald,compatible,herald,compatible,active,compatible,active
12.0,10.25,rest,compatible,herald,compatible,herald,compatible,herald,compatible,active,compatible,active
12.0,10.375,active,compatible,herald,compatible,herald,compatible,herald,compatible,active,compatible,active
12.0,10.375,rest,compatible,herald,compatible,herald,compatible,herald,compatible,active,compatible,active
12.0,10.5,active,compatible,herald,compatible,herald,compatible,herald,compatible,active,compatible,active
12.0,10.5,rest,compatible,herald,compatible,herald,compatible,herald,compatible,active,compatible,active
12.0,10.625,active,compatible,herald,compatible,herald,compatible,herald,compatible,active,compatible,active
12.0,10.625,rest,compatible,herald,compatible,herald,compatible,herald,compatible,active,compatible,active
12.0,10.75,active,compatible,herald,compatible,herald,compatible,herald,compatible,active,compatible,active
12.0,10.75,rest,compatible,herald,compatible,herald,compatible,herald,compatible,active,compatible,active
12.0,10.875,active,compatible,herald,compatible,herald,compatible,herald,compatible,active,compatible,active
12.0,10.875,rest,compatible,herald,compatible,herald,compatible,herald,compatible,active,compatible,active
12.0,11.0,active,compatible,herald,compatible,herald,compatible,herald,compatible,active,compatible,active
12.0,11.0,rest,compatible,herald,compatible,herald,compatible,herald,compatible,active,compatible,active
12.0,11.125,active,compatible,herald,compatible,herald,compatible,herald,compatible,active,compatible,active
12.0,11.125,rest,compatible,herald,compatible,herald,compatible,herald,compatible,active,compatible,active
12.0,11.25,active,compatible,herald,compatible,herald,compatible,herald,compatible,active,compatible,active
12.0,11.25,rest,compatible,herald,compatible,herald,compatible,herald,compatible,active,compatible,active
12.0,11.375,active,compatible,herald,compatible,herald,compatible,herald,compatible,active,compatible,active
12.0,11.375,rest,compatible,herald,compatible,herald,compatible,herald,compatible,active,compatible,active
12.0,11.5,active,compatible,herald,compatible,herald,compatible,herald,compatible,active,compatible,active
12.0,11.5,rest,compatible,herald,compatible,herald,compatible,herald,compatible,active,compatible,active
12.0,11.625,active,compatible,herald,compatible,herald,compatible,herald,compatible,active,compatible,active
12.0,11.625,rest,compatible,herald,compatible,herald,compatible,herald,compatible,active,compatible,active
12.0,11.75,active,compatible,herald,compatible,herald,compatible,herald,compatible,active,compatible,active
12.0,11.75,rest,compatible,herald,compatible,herald,compatible,herald,compatible,active,compatible,active
12.0,11.875,active,compatible,herald,compatible,herald,compatible,herald,compatible,active,compatible,active
12.0,11.875,rest,compatible,herald,compatible,herald,compatible,herald,compatible,active,compatible,active
12.0,12.0,active,compatible,herald,compatible,herald,compatible,herald,compatible,active,compatible,active
12.0,12.0,rest,compatible,herald,compatible,herald,compatible,herald,compatible,active,compatible,active
12.0,12.125,active,compatible,herald,compatible,herald,compatible,herald,compatible,active,compatible,active
12.0,12.125,rest,compatible,herald,compatible,herald,compatible,herald,compatible,active,compatible,active
12.0,12.25,active,compatible,herald,compatible,herald,compatible,herald,compatible,active,compatible,active
12.0,12.25,rest,compatible,herald,compatible,herald,compatible,herald,compatible,active,compatible,active
12.0,12.375,active,compatible,herald,compatible,herald,compatible,herald,compatible,active,compatible,active
12.0,12.375,rest,compatible,herald,compatible,herald,compatible,herald,compatible,active,compatible,active
12.0,12.5,active,compatible,herald,compatible,herald,compatible,herald,compatible,active,compatible,active
12.0,12.5,rest,compatible,herald,compatible,herald,compatible,herald,compatible,active,compatible,active
12.0,12.625,active,compatible,herald,compatible,herald,compatible,herald,compatible,active,compatible,active
12.0,12.625,rest,compatible,herald,compatible,herald,compatible,herald,compatible,active,compatible,active
12.0,12.75,active,compatible,herald,compatible,herald,compatible,herald,compatible,active,compatible,active
12.0,12.75,rest,compatible,herald,compatible,herald,compatible,herald,compatible,active,compatible,active
12.0,12.875,active,compatible,herald,compatible,herald,compatible,herald,compatible,active,compatible,active
12.0,12.875,rest,compatible,herald,compatible,herald,compatible,herald,compatible,active,compatible,active
12.0,13.0,active,compatible,herald,compatible,herald,compatible,herald,compatible,active,compatible,active
12.0,13.0,rest,compatible,herald,compatible,herald,compatible,herald,compatible,active,compatible,active
12.0,13.125,active,compatible,herald,compatible,herald,compatible,herald,compatible,active,compatible,active
12.0,13.125,rest,compatible,herald,compatible,herald,compatible,herald,compatible,active,compatible,active
12.0,13.25,active,compatible,herald,compatible,herald,compatible,herald,compatible,active,compatible,active
12.0,13.25,rest,compatible,herald,compatible,herald,compatible,herald,compatible,active,compatible,active
12.0,13.375,active,compatible,herald,compatible,herald,compatible,herald,compatible,active,compatible,active
12.0,13.375,rest,compatible,herald,compatible,herald,compatible,herald,compatible,active,compatible,active
12.0,13.5,active,compatible,herald,compatible,herald,compatible,herald,compatible,active,compatible,active
12.0,13.5,rest,compatible,herald,compatible,herald,compatible,herald,compatible,active,compatible,active
12.0,13.625,active,compatible,herald,compatible,herald,compatible,herald,compatible,active,compatible,active
12.0,13.625,rest,compatible,herald,compatible,herald,compatible,herald,compatible,active,compatible,active
12.0,13.75,active,compatible,herald,compatible,herald,compatible,herald,compatible,active,compatible,active
12.0,13.75,rest,compatible,herald,compatible,herald,compatible,herald,compatible,active,compatible,active
12.0,13.875,active,compatible,herald,compatible,herald,compatible,herald,compatible,active,compatible,active
12.0,13.875,rest,compatible,herald,compatible,herald,compatible,herald,compatible,active,compatible,active
12.0,14.0,active,compatible,herald,compatible,herald,compatible,herald,compatible,active,compatible,active
12.0,14.0,rest,compatible,herald,compatible,herald,compatible,herald,compatible,active,compatible,active
12.0,14.125,active,compatible,herald,compatible,herald,compatible,herald,compatible,active,compatible,active
12.0,14.125,rest,compatible,herald,compatible,herald,compatible,herald,compatible,active,compatible,active
12.0,14.25,active,compatible,herald,compatible,herald,compatible,herald,compatible,active,compatible,active
12.0,14.25,rest,compatible,herald,compatible,herald,compatible,herald,compatible,active,compatible,active
12.0,14.375,active,compatible,herald,compatible,herald,compatible,herald,compatible,active,compatible,active
12.0,14.375,rest,compatible,herald,compatible,herald,compatible,herald,compatible,active,compatible,active
12.0,14.5,active,compatible,herald,compatible,herald,compatible,herald,compatible,active,compatible,active
12.0,14.5,rest,compatible,herald,compatible,herald,compatible,herald,compatible,active,compatible,active
12.0,14.625,active,compatible,herald,compatible,herald,compatible,herald,compatible,active,compatible,active
12.0,14.625,rest,compatible,herald,compatible,herald,compatible,herald,compatible,active,compatible,active
12.0,14.75,active,compatible,herald,compatible,herald,compatible,herald,compatible,active,compatible,active
12.0,14.75,rest,compatible,herald,compatible,herald,compatible,herald,compatible,active,compatible,active
12.0,14.875,active,compatible,herald,compatible,herald,compatible,herald,compatible,active,compatible,active
12.0,14.875,rest,compatible,herald,compatible,herald,compatible,herald,compatible,active,compatible,active
12.0,15.0,active,compatible,herald,compatible,herald,compatible,herald,compatible,active,compatible,active
12.0,15.0,rest,compatible,herald,compatible,herald,compatible,herald,compatible,active,compatible,active
12.0,15.125,active,compatible,herald,compatible,herald,compatible,herald,compatible,active,compatible,active
12.0,15.125,rest,compatible,herald,compatible,herald,compatible,herald,compatible,active,compatible,active
12.0,15.25,active,compatible,herald,compatible,herald,compatible,herald,compatible,active,compatible,active
12.0,15.25,rest,compatible,herald,compatible,herald,compatible,herald,compatible,active,compatible,active
12.0,15.375,active,compatible,herald,compatible,herald,compatible,herald,compatible,active,compatible,active
12.0,15.375,rest,compatible,herald,compatible,herald,compatible,herald,compatible,active,compatible,active
12.0,15.5,active,compatible,herald,compatible,herald,compatible,herald,compatible,active,compatible,active
12.0,15.5,rest,compatible,herald,compatible,herald,compatible,herald,compatible,active,compatible,active
12.0,15.625,active,compatible,herald,compatible,herald,compatible,herald,compatible,active,compatible,active
12.0,15.625,rest,compatible,herald,compatible,herald,compatible,herald,compatible,active,compatible,active
12.0,15.75,active,compatible,herald,compatible,herald,compatible,herald,compatible,active,compatible,active
12.0,15.75,rest,compatible,herald,compatible,herald,compatible,herald,compatible,active,compatible,active
12.0,15.875,active,compatible,herald,compatible,herald,compatible,herald,compatible,active,compatible,active
12.0,15.875,rest,compatible,herald,compatible,herald,compatible,herald,compatible,active,compatible,active
12.0,16.0,active,compatible,herald,compatible,herald,compatible,herald,compatible,active,compatible,active
12.0,16.0,rest,compatible,herald,compatible,herald,compatible,herald,compatible,active,compatible,active
