{
    "metrics": {
        "n_peaks": 8,
        "score": 0.7701174448989243,
        "decay_rate": 0.004151596136436788,
        "half_life": 166.95920262486234,
        "period": 34.07142857142857,
        "frequency": 0.029350104821802937,
        "amplitude": 0.005939847669455061,
        "has_oscillations": true
    },
    "parameters": {
        "tau_i": 10.0,
        "alpha_e": 1.0,
        "beta_e": 1.0,
        "connectivity": {
            "b_ei": -1.5,
            "b_ee": 2.2,
            "b_ii": -0.08,
            "b_ie": 1.5
        },
        "beta_i": 1.0,
        "tau_e": 8.0,
        "nonlinearity": {
            "v_i": 1.0,
            "theta_e": 9.0,
            "theta_i": 15.0,
            "v_e": 0.5
        },
        "alpha_i": 1.0
    },
    "mode": "oscillatory_optimized",
    "timestamp": "2025-11-11T21:46:19.736",
    "configuration": "τₑ=8.0, τᵢ=10.0"
}